"CID","Result","query"
"10342051","The Henry's Law constant for esfenvalerate is estimated as 4.1X10-7 atm-cu m/mole(SRC) derived from its vapor pressure, 1.5X10-9 mm Hg(1), and water solubility, 2.0X10-3 mg/L(1). This Henry's Law constant indicates that esfenvalerate is expected to be essentially nonvolatile from water surfaces(2). Esfenvalerate is not expected to volatilize from dry soil surfaces(SRC) based upon its vapor pressure(1).","ESFENVALERATE"
"11534837","The Henry's Law constant for tefluthrin is estimated as 1.6X10-3 atm-cu m/mole(SRC) derived from its vapor pressure, 6.0X10-5 mm Hg(1), and water solubility, 2.0X10-2 mg/L(2). This Henry's Law constant indicates that tefluthrin is expected to volatilize from water surfaces(3). Based on this Henry's Law constant, the volatilization half-life from a model river (1 m deep, flowing 1 m/sec, wind velocity of 3 m/sec)(3) is estimated as 7 hours(SRC). The volatilization half-life from a model lake (1 m deep, flowing 0.05 m/sec, wind velocity of 0.5 m/sec)(3) is estimated as 8 days(SRC). However, volatilization from water surfaces is expected to be attenuated by adsorption to suspended solids and sediment in the water column. The estimated volatilization half-life from a model pond is 11 months if adsorption is considered(4). Tefluthrin's estimated Henry's Law constant indicates that volatilization from moist soil surfaces may occur(SRC). Tefluthrin is not expected to volatilize from dry soil surfaces(SRC) based upon its vapor pressure(1).","TEFLUTHRIN"
"11954021","The Henry's Law constant for chlordane is 4.86X10-5 atm-cu m/mole(1). The Henry's Law constants for gamma-chlordane and alpha-chlordane have been experimentally determined to be 1.3X10-3 and 8.6X10-4 atm-cu m/mole at 23 °C, respectively, from distilled water(2). These Henry's Law constants indicate that chlordane is expected to volatilize from water surfaces(3). Based on the Henry's Law constant of chlordane, the volatilization half-life from a model river (1 m deep, flowing 1 m/sec, wind velocity of 3 m/sec)(3) is estimated as 42 hours(SRC). The volatilization half-life from a model lake (1 m deep, flowing 0.05 m/sec, wind velocity of 0.5 m/sec)(2) is estimated as 19 days(SRC). Chlordane's Henry's Law constant indicates that volatilization from moist soil surfaces may occur(SRC). However, volatilization from water surfaces is expected to be attenuated by adsorption to suspended solids and sediment in the water column(6). The volatilization half-life from a model pond is about 103 years when adsorption is considered(4). Chlordane was found to volatilize from a flask containing natural water. However, when sediment was added to the flask, more than 80% of the chlordane initially in solution was recovered from the sediment after 12 weeks demonstrating that adsorption to sediment can significantly attenuate the importance of volatilization(9). Chlordane is not expected to volatilize from dry soil surfaces(SRC) based upon a vapor pressure of 9.75X10-6 mm Hg(5). In soil volatility studies, 2% of the chlordane sprayed onto a dry fallow soil surface was lost in 50 hrs while 50% was lost from a moist soil surface in 60 hrs(10). Dry soil was found to restrict vapor losses of chlordane and other pesticides; shallow incorporation into the soil greatly restricted volatilization losses(4). Chlordane volatilized quite rapidly from sprayed alfalfa plants with a 95% loss in 21 days(11). Nevertheless, based upon knowledge that the majority of the chlordane probably enters water as runoff from urban and agricultural soils(6) and that monitoring data indicate that sediment concn of chlordane are much higher in the overlying water(7,8), volatilization from surface waters may not be as fast as predicted(SRC).","CHLORDANE"
"11966","The Henry's Law constant for t-butyl peroxy benzoate is estimated as 2.1X10-4 atm-cu m/mole(SRC) using a fragment constant estimation method(1). This Henry's Law constant indicates that peroxybenzoic acid, t-butyl ester is expected to volatilize from water surfaces(2). Based on this Henry's Law constant, the volatilization half-life from a model river (1 m deep, flowing 1 m/sec, wind velocity of 3 m/sec)(2) is estimated as 10 hours(SRC). The volatilization half-life from a model lake (1 m deep, flowing 0.05 m/sec, wind velocity of 0.5 m/sec)(2) is estimated as 7 days(SRC). t-Butyl peroxy benzoate is not expected to volatilize from dry soil surfaces(SRC) based upon an estimated vapor pressure of 2.3X10-2 mm Hg(SRC), determined from a fragment constant method(3).","BENZENECARBOPEROXOIC ACID, 1,1-DIMETHYLETHYL ESTER"
"12111","The Henry's Law constant for bisphenol F is estimated as 5.2X10-12 atm-cu m/mole(SRC) using a fragment constant estimation method(1). This Henry's Law constant indicates that bisphenol F is expected to be essentially nonvolatile from water and moist soil surfaces(2). Bisphenol F is not expected to volatilize from dry soil surfaces(SRC) based upon an estimated vapor pressure of 3.7X10-7 mm Hg(SRC), determined from a fragment constant method(1).","Bisphenol F"
"12310947","The Henry's Law constant for aldrin is 4.4X10-5 atm-cu m/mole(1). This Henry's Law constant indicates that aldrin is expected to volatilize from water surfaces(2). Based on this Henry's Law constant, the volatilization half-life from a model river (1 m deep, flowing 1 m/sec, wind velocity of 3 m/sec)(2) is estimated as 27 hours(SRC). The volatilization half-life from a model lake (1 m deep, flowing 0.05 m/sec, wind velocity of 0.5 m/sec)(2) is estimated as 19 days(SRC). However, volatilization from water surfaces is expected to be attenuated by adsorption to suspended solids and sediment in the water column(SRC). The estimated volatilization half-life from a model pond is 52 years if adsorption is considered(3). The volatile loss of aldrin from sterile, deionized water kept at 30 °C was studied over a 30 day period; the volatilization half-life of aldrin from the open flask (1-5 ug aldrin per ml distilled water at a depth of approximately 1 cm in a 4 ml Wheaton vial) was 5.8 days(4). Aldrin's Henry's Law constant(1) indicates that volatilization from moist soil surfaces may occur(SRC). Volatilization of aldrin from soil is more rapid when it is applied to the soil surface rather than incorporated into the soil(4). A loss of 50% from a surface application was estimated to occur within 1-2 weeks after application compared to 10-15 weeks for soil-incorporated aldrin(4). Aldrin is not expected to volatilize from dry soil surfaces(SRC) based upon a vapor pressure of 1.2X10-4 mm Hg(5)..
SOIL: Aldrin was applied at 4 ppm to wet and dry quartz and Plainfield sands. Analysis of air passed over the sand at 1 l/min windspeed for 6 hrs at 22 °C and 38% relative humidity revealed no volatilization of aldrin from the dry Plainfield sand and only a trace from the dry quartz sand (<0.50% of initial aldrin). Four percent and 2.2% of the initial aldrin volatilized from wet quartz and Plainfield sands, respectively, at the same relative humidity. At 100% relative humidity, 1.3% and 6.2% of the aldrin volatilized from dry Plainfield and quartz sands, respectively, and 4.5% and 7.3% of the aldrin volatilized from the wet Plainfield and quartz sands, respectively(1). Following passage of air at 1 l/min windspeed at 22 °C and 100% relative humidity over quartz sand and Miami silt loam treated with 4 ppm aldrin, 37.9% and 16.3% of the initial aldrin were recovered in the vapor from the quartz sand and Miami silt loam, respectively, and 55.3% and 79.7% recovered from the two soils, respectively(1). Volatilization rates of aldrin from sand, loam, and humus were 1.1%, 0.2% and 0.8%/ml evaporated water after the first hour and 0.6%, 0.2%, and 0.1%/ml evaporated water in the second hour, respectively(2). Aldrin was assigned a vaporization index of 1 (<0.1 kg/ha/yr) for volatilization from soil(3)..
WATER: After 20 hr at 26.5 °C, 93% of the aldrin initially present (24 ppb), had codistilled with water(1). Half-lives for volatilization of aldrin from pure water and waters of the San Francisco Bay, the American River, and the Sacramento River (900 ml of a 1 part per trillion aldrin solution placed in 5 liter flask) are 0.38 hr, 0.59 hr, 0.60 hr, and 0.60 hr, respectively(2). The volatilization rate of aldrin from water was 16.3%/ml evaporated water after one hour and 6.0%/ml evaporated water in the second hour(3). The estimated volatilization half-life of aldrin from 1 m deep water at 25 °C is 7.7 days(4).","ALDRIN"
"12358480","The Henry's Law constant for endrin is 6.4X10-6 atm-cu m/mole(1). This Henry's Law constant indicates that endrin is expected to volatilize from water surfaces(2). However, volatilization from water surfaces is expected to be severely attenuated by adsorption to suspended solids and sediment in the water column(SRC). Based on this Henry's Law constant, the volatilization half-life from a model river (1 m deep, flowing 1 m/sec, wind velocity of 3 m/sec)(2) is estimated as 8 days if adsorption is neglected(SRC). The volatilization half-life from a model lake (1 m deep, flowing 0.05 m/sec, wind velocity of 0.5 m/sec)(2) is estimated as 89 days if adsorption is neglected(SRC). The volatilization half-life from a model pond is about 13 years when adsorption is considered(3). Endrin's Henry's Law constant(1) indicates that volatilization from moist soil surfaces may occur; however adsorption is expected to attenuate this process(SRC). The volatilization half-life of endrin from a sugarcane soil was reported as 63 days(4). The volatilization half-life of endrin in laboratory experiments using distilled water was reported as 5.33 days(5).","ENDRIN"
"12433","A pKa of 1.48(1) indicates dibromoacetic acid will exist almost entirely in the anion form at pH values of 5 to 9 and therefore volatilization from water surfaces is not expected to be an important fate process(2). The pKa of dibromoacetic acid indicates that volatilization from moist soil surfaces is unlikely to occur(SRC). Dibromoacetic acid is not expected to volatilize from dry soil surfaces(SRC) based upon an estimated vapor pressure of 2.3X10-2 mm Hg(SRC), determined from a fragment constant method(3).","Dibromoacetic acid"
"13785700","The Henry's Law constant for oxychlordane is estimated as 8.6X10-8 atm-cu m/mole(SRC) using a fragment constant estimation method(1). This value indicates that oxychlordane will be essentially nonvolatile from water surfaces(2,SRC). Based on this Henry's Law constant, the volatilization half-life from a model river (1 m deep, flowing 1 m/sec, wind velocity of 3 m/sec) is estimated as approximately 872 days(2,SRC). The volatilization half-life from a model lake (1 m deep, flowing 0.05 m/sec, wind velocity of 0.5 m/sec) is estimated as approximately 6,349 days(2,SRC). Adsorption processes may considerably attenuate volatilization from water surfaces(SRC). Oxychlordane's Henry's Law constant(1,SRC) indicates that volatilization from moist soil surfaces is not expected(SRC). Oxychlordane is not expected to volatilize from dry soil surfaces based on an estimated vapor pressure of 6.9X10-6 mm Hg(SRC), determined from a fragment constant method(3).","OXYCHLORDANE"
"13836","Chlormequat chloride is a quarternary cation at pH values of 5 to 9 and therefore volatilization from water surfaces is not expected to be an important fate process(SRC). Chlormequat chloride is not expected to volatilize from dry soil surfaces(SRC) based upon a vapor pressure of 7.50X10-8 mm Hg(1).","CHLORMEQUAT CHLORIDE"
"1480","Based on an estimated vapor pressure of less than 7.5X10-8 mm Hg (at 25 °C) and a water solubility of 268 mg/l (at 25 °C)(1,2), the calculated Henry's Law Constant for 2,4,5-T is less than 9.4X10-11 atm cu cm/mol at 25 °C(SRC). This value for Henry's Law Constant indicates volatilization from water and wet soil surfaces should be insignificant(3). Considering the relatively low vapor pressure of 2,4,5-T, volatilization from dry soil surfaces should also be insignificant(SRC).","2,4,5-T"
"1486","The Henry's Law constant for 2,4-D is 0.75X10-8 atm-cu m/mole(1). This Henry's Law constant indicates that 2,4-D is expected to be essentially nonvolatile from water and moist soil surfaces(2). 2,4-D is not expected to volatilize from dry soil surfaces(SRC) based upon a vapor pressure of 1.4X10-7 mm Hg(1).","2,4-D"
"15530","The Henry's Law constant for Bantrol is estimated as 5.5X10-10 atm-cu m/mole(SRC) using a fragment constant estimation method(1). This value indicates that Bantrol will be essentially nonvolatile from water surfaces(2,SRC). Bantrol's estimated values for vapor pressure, 1.4X10-7 mm Hg(3,SRC) and Henry's Law constant(1,SRC) indicate that volatilization from dry and moist soil surfaces should not occur(SRC).","IOXYNIL"
"15559699","The Henry's Law constant for heptachlor epoxide is 3.2x10-5 atm-cu m/mole(5) from which one estimates that the half-life for volatilization from a river 1 m deep with a 1 m/sec current and a wind of 3 m/sec is 60 hr(6,SRC). 11% of the heptachlor epoxide added to a seawater aquarium aerated at 2.5 l/hr was lost over the course of 17 hr(1). However the loss rate leveled off after that time(1). Heptachlor epoxide is lost by codistillation with water as illustrated by a 42% loss in 20 hr from a jar containing mosquito larvae held at 26.5 degC(4). When heptachlor epoxide in conjunction with several other chlorinated pesticides was applied to the surface of warm, moist, fallow, sandy loam soil in a microagroecosystem chamber, 42.5% volatilized after 11 days(2). The dissipation rate was initially 0.14 kg/ha/day and decreased to 0.063 kg/ha/day by the 9th day(3).","HEPTACHLOR EPOXIDE"
"156614068","The Henry's Law constant for dinocap calculated from its water solubility, 4 mg/L(1) and vapor pressure, 4X10-8 mm Hg at 20 °C(1), is 4.79X10-9 atm-cu-m/mol(SRC). Chemicals with such low values of the Henry's Law constant are nonvolatile from water(2).","DINOCAP"
"15767","The Henry's Law constant for pentachloroanisole is estimated as 1.94X10-3 atm-cu m/mole(SRC) using a fragment constant estimation method(1). This value indicates that pentachloroanisole will volatilize rapidly from water(2,SRC). Based on this Henry's Law constant, the volatilization half-life from a model river (1 m deep, flowing 1 m/sec, wind velocity of 3 m/sec) is estimated as 5.6 hours(2,SRC). The volatilization half-life from a model lake (1 m deep, flowing 0.05 m/sec, wind velocity of 0.5 m/sec) is estimated as 6.9 days(1,SRC). For comparison, the Henry's Law constant derived from corresponding air and seawater concn measurements during an ocean cruise, 3.3 pg/cu m and 2.9 ng/cu m, respectively(3) is 2.8 X10-5 atm-cu m/mol(SRC).","PENTACHLOROANISOLE"
"15787","The Henry's Law constant for nitrofen is estimated as 3.0X10-6 atm-cu m/mole(SRC) derived from its vapor pressure, 7.95X10-6 mm Hg(1), and water solubility, 1 mg/L(2). This Henry's Law constant indicates that nitrofen is expected to volatilize from water surfaces(3). Based on this Henry's Law constant, the volatilization half-life from a model river (1 m deep, flowing 1 m/sec, wind velocity of 3 m/sec)(3) is estimated as 21 days(SRC). The volatilization half-life from a model lake (1 m deep, flowing 0.05 m/sec, wind velocity of 0.5 m/sec)(3) is estimated as 160 days(SRC). However, volatilization from water surfaces is expected to be attenuated by adsorption to suspended solids and sediment in the water column(SRC). The estimated volatilization half-life from a model pond is 450 months if adsorption is considered(4). Nitrofen's estimated Henry's Law constant indicates that volatilization from moist soil surfaces may occur(SRC). Nitrofen is not expected to volatilize from dry soil surfaces(SRC) based upon its vapor pressure(1).","NITROFEN"
"15965","A pKa of 2.3(1) indicates picloram will exist almost entirely in the anion form at pH values of 5 to 9 and therefore volatilization from water and moist soil surfaces is not expected to be an important fate process(SRC).  Picloram is not expected to volatilize from dry soil surfaces(SRC) based upon a vapor pressure of 6.0X10-16 mm Hg (1).","PICLORAM"
"1639","The Henry's Law constant for 2-amino-1,3,4-triazole is estimated as 2.2X10-13 atm-cu m/mole(SRC) derived from its vapor pressure, 4.4X10-7 mm Hg(1), and water solubility, 2.8X10+5 mg/L(1). This Henry's Law constant indicates that 2-amino-1,3,4-triazole is expected to essentially be non-volatile from water and moist soil surfaces(2). 2-Amino-1,3,4-triazole is not expected to volatilize from dry soil surfaces(SRC) based upon its vapor pressure(1).","AMITROLE"
"16653","UNDER MOIST CONDITIONS 50% OF MOLINATE WAS LOST IN 3 WK; UNDER FLOODED CONDITIONS 10 WK. IN FLOODED CONDITIONS VOLATILIZATION WAS MECHANISM OF LOSS; NON-FLOODED CONDITIONS SHOWED A VARIETY OF DEGRADATION PATHWAYS..
ALL /OF THE THIOCARBAMATES/...ARE INCORPORATED INTO THE SOIL TO PRECLUDE RAPID GASEOUS LOSS BEFORE WEED CONTROL CAN BE ACHIEVED. /THIOCARBAMATE HERBICIDES/.
The Henry's Law constant for molinate is 4.1X10-6 atm-cu m/mole at 20 °C(1). This Henry's Law constant indicates that molinate is expected to volatilize from water surfaces(2) and moist soil surfaces(SRC). Based on this Henry's Law constant, the volatilization half-life from a model river (1 m deep flowing 1 m/sec with a wind velocity of 3 m/sec)(2) is estimated as 12 days(SRC). The volatilization half-life from a model lake (1 m deep, flowing 0.05 m/sec, wind velocity of 0.5 m/sec)(2) is estimated as 94 days(SRC). Molinate is readily lost from wet soil surfaces when not incorporated immediately after application(3). Feild applications of molinate show that the compound dissipates readily under ricefield conditions, exhibiting a half-life of 96 hrs under intermittent irrigation and 54 hrs under continuous-flow operations(4). Using flooded rice paddy plots on silt loam and silty clay soils in Arkansas, >90% molinate applied at an initial rate of 5.6 kg active ingredient/ha had dissipated after 21 days; the initial distribution of molinate between paddy water and soil was 65 and 35%, respectively(5). In a laboratory test (27.5 °C, water depth of 0.042 meters), about 40-50% molinate volatilized after 110 hr(6). In another laboratory, molinate volatilized from distilled water with a half-life of 17.33 days(7). The volatilization half-life of molinate from a glass surface under winter temperatures was a relatively fast (compared to other pesticides) 0.44 hr(7). Another study reported that 50% of an initial barley field application of molinate volatilized within 1 day(8). Molinate solutions of 1 mg/l redistilled water solutions showed 78% residual in darkness, 65% in solutions exposed to daylight lamps, 16% residual in aerated solutions, and 5% in solutions aerated and exposed to daylight lamps after 10 days(9). Molinate is not expected to volatilize from dry soil surfaces(SRC) based upon a vapor pressure of 5.6X10-3 mm Hg(10).","MOLINATE"
"16682746","The Henry's Law constant for bis(tributyltin) oxide is estimated as 1.3X10-7 atm-cu m/mole(SRC) derived from its estimated vapor pressure, 6.4X10-7 mm Hg(1), and water solubility, 4 mg/l(1). This Henry's Law constant indicates that bis(tributyltin) oxide is expected to be essentially nonvolatile from water surfaces(2). No volatilization of bis(tributyltin) oxide was observed after 62 days from a 2 mg/l aqueous solution of the compound(1). In a 278-day marine mesocosm experiment, loss of tributyltin from the water interface to the atmosphere occurred at a rate of 0.075/day(3). Volatilization loss of tributyltin from the water column will not be rapid; it was found that loss was preceded by rapid transport to the surface microlayer followed by volatilization, or photodegradation and volatilization(3). Volatilization from dry near-surface soil and other surfaces is not likely to be an important(SRC) based upon its low estimated vapor pressure(1).","BIS(TRIBUTYLTIN) OXIDE"
"16682828","The Henry's Law constant for tributyltin methacrylate is estimated as 8.5X10-6 atm-cu m/mole(SRC) derived from its vapor pressure, 2.25X10-4 mm Hg(1), and estimated water solubility, 13 mg/L(2). This Henry's Law constant indicates that tributyltin methacrylate is expected to volatilize from water surfaces(3). Based on this Henry's Law constant, the volatilization half-life from a model river (1 m deep, flowing 1 m/sec, wind velocity of 3 m/sec)(3) is estimated as 9 days(SRC). The volatilization half-life from a model lake (1 m deep, flowing 0.05 m/sec, wind velocity of 0.5 m/sec)(3) is estimated as 68 days(SRC). However, volatilization from water surfaces is expected to be attenuated by adsorption to suspended solids and sediment in the water column. The estimated volatilization half-life from a model pond is 4.4 years if adsorption is considered(4). Tributyltin methacrylate's estimated Henry's Law constant indicates that volatilization from moist soil surfaces may occur(SRC). Tributyltin methacrylate is not expected to volatilize from dry soil surfaces(SRC) based upon its vapor pressure(1).","TRIBUTYLTIN METHACRYLATE"
"16720","1,5-Naphthalenediamine is a weak base with a pKa of 4.44(1) indicating it will partially exist in the protonated form under acidic conditions. Volatilization from water and moist soil surfaces is not expected to be an important fate process because cations do not volatilize and the estimated Henry's Law constant of the free base is 6.6X10-11 atm-cu m/mole(SRC), calculated using a fragment constant estimation method(2). 1,5-Naphthalenediamine is not expected to volatilize from dry soil surfaces(SRC) based upon an estimated vapor pressure of 2.9X10-5 mm Hg at 25 °C(SRC), determined from a fragment constant method(3).","1,5-NAPHTHALENEDIAMINE"
"16945","The Henry's Law Constant for mirex is 8.1X10-4 atm-cu m/mole at 25 °C(1). This Henry's Law constant indicates that mirex is expected to volatilize from water surfaces(2). Based on this Henry's Law constant, the volatilization half-life from a model river (1 m deep, flowing 1 m/sec, wind velocity of 3 m/sec)(2) is estimated as 4 hours(SRC). The volatilization half-life from a model lake (1 m deep, flowing 0.05 m/sec, wind velocity of 0.5 m/sec)(2) is estimated as 10 days(SRC). This estimation neglects the potentially important effect of adsorption on volatilization.  The volatilization half-life from an environmental pond, which considers the effect of adsorption, can be estimated to be about 3.6 years if parameters are introduced into the pond model to include adsorption effects(3,SRC). Volatilization from dry soil surfaces is not expected(SRC) given a vapor pressure of 8X10-7 mm Hg at 25 °C(4).","MIREX"
"1752","The Henry's Law constant for 4-nonylphenol is estimated as 3.4X10-5 atm-cu m/mole(SRC) derived from its vapor pressure, 8.18X10-4 mm Hg(1), and water solubility, 7 mg/L(2). This Henry's Law constant indicates that 4-nonylphenol is expected to volatilize from water surfaces(3). Based on this Henry's Law constant, the volatilization half-life from a model river (1 m deep, flowing 1 m/sec, wind velocity of 3 m/sec)(3) is estimated as 1.8 days(SRC). The volatilization half-life from a model lake (1 m deep, flowing 0.05 m/sec, wind velocity of 0.5 m/sec)(3) is estimated as 17 days(SRC). However, volatilization from water surfaces is expected to be attenuated by adsorption to suspended solids and sediment in the water column. The estimated volatilization half-life from a model pond is 1.3-9.6 years if adsorption is considered(4). 4-Nonylphenol's estimated Henry's Law constant indicates that volatilization from moist soil surfaces may occur(SRC). 4-Nonylphenol is not expected to volatilize from dry soil surfaces(SRC) based upon its vapor pressure(1).","4-NONYLPHENOL"
"18752","A pKa of 4.82(1) indicates asulam will exist almost entirely in the anion form at pH values of 5 to 9 and, therefore, volatilization from water and moist soil surfaces is not expected to be an important fate process(SRC). Asulam is not expected to volatilize from dry soil surfaces(SRC) based upon an estimated vapor pressure of 1.4X10-6 mm Hg(SRC), determined from a fragment constant method(2).","4-AMINO-BENZOLSULFONYL-METHYLCARBAMAT"
"1988","The Henry's Law constant for acetochlor is estimated as 2.7X10-10 atm-cu m/mole(SRC) derived from its vapor pressure, 1.67X10-7 mm Hg(1), and water solubility, 223 mg/L(2). This Henry's Law constant indicates that acetochlor is expected to be essentially nonvolatile from water and moist soil surfaces(3). Acetochlor is not expected to volatilize from dry soil surfaces(SRC) based upon its vapor pressure(1).","ACETOCHLOR"
"2078","SOME LOSS OF ... ALACHLOR ... BY VOLATILIZATION FROM MOIST SOILS WAS ... REPORTED..
The Henry's Law constant for alachlor is 8.32X10-9 atm-cu m/mole(1). This Henry's Law constant indicates that alachlor is expected to be essentially nonvolatile from water surfaces(2). Alachlor is not expected to volatilize from dry soil surfaces(SRC) based upon a vapor pressure of 2.20X10-5 mm Hg(3)..
The evaporation of alachlor from soil will depend on the nature of soil, its moisture content, the temperature of the soil and the air flux over the soil. Evaporation of alachlor from soil will increase as the moisture content of the soil is increased(2-3). This increase in volatility is attributed to wick effect which continuously feeds herbicide to the soil surface resulting in enhanced volatilization(1). Increase in temperature as occurs at around noon and early afternoon will also increase evaporation rate(2). Increase in alachlor sorption in soil will decrease evaporation as evidenced by slower evaporation with the increase in clay and organic matter content of soil(1-2). It has been concluded that the loss of alachlor from soil will be moderate and an estimated 3.5-6.5 kg/ha/yr or more alachlor will be lost from treated field(5). The estimated half-life of alachlor evaporation from soil is in the range 12 to >200 days(1-4). A very slow evaporation (<0.01% in 11 weeks) of alachlor observed in a soil column experiment(6) may be due to the presence of grass cover over the soil surface(SRC).","ALACHLOR"
"2153","The Henry's Law constant for theophylline is estimated as 1.8X10-14 atm-cu m/mole(SRC) using a fragment constant estimation method(1). This Henry's Law constant indicates that theophylline is expected to be essentially nonvolatile from water and moist soil surfaces(2). Theophylline is not expected to volatilize from dry soil surfaces(SRC) based upon an estimated vapor pressure of 5.1X10-9 mm Hg(SRC), determined from a fragment constant method(3).","THEOPHYLLINE"
"2256","The Henry's Law constant for atrazine is 2.6X10-9 atm-cu m/mole(1). This Henry's Law constant indicates that atrazine is expected to be essentially nonvolatile from moist soil and water surfaces(2). Atrazine is not expected to volatilize from dry soil surfaces(SRC) based on a vapor pressure of 2.89X10-7 mm Hg(3). The volatilization half-life of atrazine from soil surfaces was determined to range from 111 to >1000 days depending upon soil type, soil moisture, and temperature; the volatilization half-life from oat leaves was 14.5-62.2 days(4). The time required for 50% of the initial application of atrazine to volatilize following application to soil was determined to be 500 days(5). The avg daily percent disappearance of atrazine from conventional-till and no-till surface soils (at least 30% of the soil surface is covered by plant residue) in the field due to volatilization was determined to be 2.7% and 0.9-3.2%, respectively(6).","ATRAZINE"
"2336","The Henry's Law constant for benzo(a)pyrene is 4.57X10-7 atm-cu m/mole at 25 °C(1). This Henry's Law constant indicates that benzo(a)pyrene is expected to be essentially nonvolatile from water surfaces(2). Benzo(a)pyrene's Henry's Law constant indicates that volatilization from moist soil surfaces may not occur(SRC). Benzo(a)pyrene is not expected to volatilize from dry soil surfaces(SRC) based upon an extrapolated vapor pressure of 5.49X10-9 mm Hg(3).","BENZO(A)PYRENE"
"2347","The Henry's Law constant for butyl benzyl phthalate is estimated as 1.3X10-6 atm-cu m/mole(SRC) derived from its vapor pressure, 8.25X10-6 mm Hg(1), and water solubility, 2.69 mg/L(1). This Henry's Law constant indicates that butyl benzyl phthalate is expected to volatilize from water surfaces(2). Based on this Henry's Law constant, the volatilization half-life from a model river (1 m deep, flowing 1 m/sec, wind velocity of 3 m/sec)(2) is estimated as 52  days(SRC). The volatilization half-life from a model lake (1 m deep, flowing 0.05 m/sec, wind velocity of 0.5 m/sec)(2) is estimated as 380 days(SRC). However, volatilization from water surfaces is expected to be attenuated by adsorption to suspended solids and sediment in the water column. The volatilization half-life from a model pond is about 380 years when adsorption is considered(3). Butyl benzyl phthalate's Henry's Law constant indicates that volatilization from moist soil surfaces may occur(SRC). Butyl benzyl phthalate is not expected to volatilize from dry soil surfaces(SRC) based upon its vapor pressure(1).","BENZYL BUTYL PHTHALATE"
"23931","Much of the mercury deposited on land, appears to revaporize within a day or two, at least in areas substantially heated by sunlight..
Volatilization of mercury from land and lakes was estimated to enhance the atmosphere concn over continental land masses by a factor of 45.","MERCURY"
"241","The Henry's Law constant for benzene is 5.56X10-3 atm-cu m/mole(1). This Henry's Law constant indicates that benzene is expected to volatilize rapidly from water surfaces(2). Based on this Henry's Law constant, the volatilization half-life from a model river (1 m deep, flowing 1 m/sec, wind velocity of 3 m/sec)(2) is estimated as 1 hr(SRC). The volatilization half-life from a model lake (1 m deep, flowing 0.05 m/sec, wind velocity of 0.5 m/sec)(2) is estimated as 3.5 days(SRC). Benzene's Henry's Law constant(1) indicates that volatilization from moist soil surfaces may occur(SRC). The potential for volatilization of benzene from dry soil surfaces may exist(SRC) based upon a vapor pressure of 94.8 mm Hg(3).","BENZENE"
"24408","The Henry's Law constant for bromine is 1.32X10-3 atm-cu m/mole(1). This Henry's Law constant indicates that bromine is expected to volatilize rapidly from water surfaces(2). Based on this Henry's Law constant, the volatilization half-life from a model river (1 m deep, flowing 1 m/sec, wind velocity of 3 m/sec)(2) is estimated as 4.5 hours(SRC). The volatilization half-life from a model lake (1 m deep, flowing 0.05 m/sec, wind velocity of 0.5 m/sec)(2) is estimated as 5 days(SRC). Bromine's Henry's Law constant indicates that volatilization from moist soil surfaces may occur(SRC). Bromine is expected to volatilize from dry soil surfaces(SRC) based upon a vapor pressure of 212 mm Hg at 25 °C(3). Bromine is reported to vaporize rapidly at room temperature(4).","BROMINE"
"249266","The Henry's Law constant for a representative component of Aroclor 1232 is estimated as 6.9X10-4 atm-cu m/mole(SRC) derived from its vapor pressure, 4.1X10-3 mm Hg(1), and water solubility, 1.45 mg/L(1). This Henry's Law constant indicates that Aroclor 1232 is expected to volatilize from water surfaces(2). Based on this Henry's Law constant, the volatilization half-life from a model river (1 m deep, flowing 1 m/sec, wind velocity of 3 m/sec)(2) is estimated as 5.7 hours(SRC). The volatilization half-life from a model lake (1 m deep, flowing 0.05 m/sec, wind velocity of 0.5 m/sec)(2) is estimated as 6 days(SRC). However, volatilization from water surfaces is expected to be attenuated by adsorption to suspended solids and sediment in the water column. The volatilization half-life from a model pond is about 80 days when adsorption is considered(3). Aroclor 1232's Henry's Law constant indicates that volatilization from moist soil surfaces may occur(SRC). Aroclor 1232 is not expected to volatilize from dry soil surfaces(SRC) based upon its vapor pressure(1).","MONOCHLOROBIPHENYL"
"25429","The Henry's Law constant for carbendazim is estimated as 1.5X10-12 atm-cu m/mole(SRC) using a fragment constant estimation method(1). This Henry's Law constant indicates that carbendazim is expected to be essentially nonvolatile from moist soil and water surfaces(2). Carbendazim is not expected to volatilize from dry soil surfaces(SRC) based upon a vapor pressure of 7.5X10-10 mm Hg(3).","CARBENDAZIM"
"26710","Ferbam has a negligible vapor pressure and is not expected to volatilize from water surfaces or from moist soil surfaces(1).","FERBAM"
"2723650","The Henry's Law constant for ethylene thiourea is estimated as 3.4X10-7 atm-cu m/mole(SRC) using a fragment constant estimation method(1). This Henry's Law constant indicates that ethylene thiourea is expected to be essentially nonvolatile from water surfaces(2). Ethylene thiourea is not expected to volatilize from dry soil surfaces(SRC) based upon an estimated vapor pressure of 2.0X10-6 mm Hg(SRC), determined from a fragment constant method(3). However, data collected from a microagroecosystem chamber indicate that small amounts of ethylene thiourea may volatilize from soil and plant surfaces(4).","ETHYLENE THIOUREA"
"2730","The Henry's Law constant for chlorpyrifos is 3.55X10-5 atm-cu m/mole at 25 °C(1). This  Henry's Law constant indicates that chlorpyrifos is expected to volatilize from water surfaces(2). Based on this Henry's Law constant, the volatilization half-life from a model river (1 m deep, flowing 1 m/sec, wind velocity of 3 m/sec)(2) is estimated as 2.2 days(SRC). The volatilization half-life from a model lake (1 m deep, flowing 0.05 m/sec, wind velocity of 0.5 m/sec)(2) is estimated as 21.5 days(SRC). However, volatilization from water surfaces is expected to be attenuated by adsorption to suspended solids and sediment in the water column. The estimated volatilization half-life from a model pond is about 2 years if adsorption is considered(3). In a laboratory study, 50 ppb of chlorpyrifos added to 10 liters of water was volatilized 85% in 24 hours(4). In marine sediment under moist and flooded conditions using a continuous flow system, volatilization of chlorpyrifos accounted for 0.8 to 1% loss during the first ten days of application(5). The volatilization half-life of chlorpyrifos from 3 moist soils was in the range of 45-163 hours using an airstream of 1 km/hr passed over the soil(4). The volatility of chlorpyrifos was studied under field conditions(6,7); following application of 1.5 kg/ha, the highest flux rates were observed in the first few hours after application, with particularly large values when heavy dew was present on the surface(6,7); flux rates usually declined to non-detectable levels by about noon each day(6,7). Chlorpyrifos applied to dry soil lost 0.64% of dose applied via volatilization after 3.2 days at an air temperature of 25 °C(8). In several tests lasting 7-11 days, chlorpyrifos applied to turf lost a mean amount of 8.25% to volatilization(9). In field tests studying volatilization of chlorpyrifos applied to potato crops, as much as 65% of applied dose was estimated to have volatilized, most within the first few days(10). An experimental volatilization half-life of 3 days was determined for chlorpyrifos from moist soil surfaces in a laboratory study(11).","CHLORPYRIFOS"
"28780","The Henry's Law constant for benomyl is 4.93X10-12 atm-cu m/mole(1). This Henry's Law constant indicates that benomyl is expected to be essentially nonvolatile from water surfaces(2). Benomyl's Henry's Law constant(1) indicates that volatilization from moist soil surfaces is not expected to be an important fate process(SRC). Benomyl is not expected to volatilize from dry soil surfaces(SRC) based upon a vapor pressure of 3.7X10-9 mm Hg(3).","BENOMYL"
"2912","The Henry's Law constant for cypermethrin is estimated as 2.4X10-7 atm-cu m/mole(SRC) derived from its vapor pressure, 1.7X10-9 mm Hg(1), and water solubility, 4X10-3 mg/L(1). This Henry's Law constant indicates that cypermethrin is expected to be essentially nonvolatile from water surfaces(2). Cypermethrin is not expected to volatilize from dry soil surfaces(SRC) based upon its vapor pressure(1).","CYPERMETHRIN"
"29393","The Henry's Law constant for oryzalin is estimated as 1.9X10-9 atm-cu m/mole(SRC), derived from its vapor pressure, 9.75X10-9 mm Hg(1), and water solubility, 2.5 mg/l(2). This Henry's Law constant indicates that oryzalin is expected to be essentially nonvolatile from water surfaces(3). Under field conditions, herbicidal applications of oryzalin to soil surfaces do not volatilize appreciably(4,5). Vapor loss measurements from a moist Lakeland sand at 50 °C, with an air flow rate of 50 ml/min for 3 hr, revealed virtually no vapor losses of oryzalin(6,7). Actual loss was only 0.1% or less at 30, 40 and 50 °C(7). Oryzalin is not expected to volatilize from dry soil surfaces(SRC) based upon its vapor pressure(1).","ORYZALIN"
"29575","The Henry's Law constant for 1,2,3,7,8,9-hexachlorodibenzo-p-dioxin is estimated as 1.9X10-6 atm-cu m/mole(SRC) using a fragment constant estimation method(1). This Henry's Law constant indicates that 1,2,3,7,8,9-hexachlorodibenzo-p-dioxin is expected to volatilize from water surfaces(2). Based on this Henry's Law constant, the volatilization half-life from a model river (1 m deep, flowing 1 m/sec, wind velocity of 3 m/sec)(2) is estimated as 2 days(SRC). The volatilization half-life from a model lake (1 m deep, flowing 0.05 m/sec, wind velocity of 0.5 m/sec)(2) is estimated as 28 days(SRC). 1,2,3,7,8,9-Hexachlorodibenzo-p-dioxin's Henry's Law constant indicates that volatilization from moist soil surfaces may occur(SRC). However, volatilization from water surfaces is expected to be attenuated by adsorption to suspended solids and sediment in the water column(SRC). The estimated volatilization half-life from a model pond is 65 years if adsorption is considered(3). 1,2,3,7,8,9-Hexachlorodibenzo-p-dioxin is not expected to volatilize from dry soil surfaces(SRC) based upon a vapor pressure of 4.88X10-11 mm Hg(4).","1,2,3,7,8,9-HEXACHLORODIBENZO-P-DIOXIN"
"299","The Henry's Law constant for kepone is estimated as 5.4X10-8 atm-cu m/mole(SRC) derived from its vapor pressure, 2.25X10-7 mm Hg(1), and water solubility, 2.7 mg/L(1). The Henry's Law constant indicates that kepone is expected to be essentially nonvolatile from water surfaces(2). Kepone's estimated Henry's Law constant indicates that volatilization from moist soil is not expected to occur(SRC). Kepone is not expected to volatilize from dry soil surfaces(SRC) based upon its vapor pressure(1). However, laboratory tests have measured small amounts of kepone volatilization from soil and water(1). Volatilization was slower from water than from sand, loam or humus soil(1). Percent kepone volatilized per mL evaporated water at 25 °C from 50 mL water, first hr, 0.025%; second hr, 0.024%; percent volatilized from soil, 1st hr (2nd hr), sandy soil, 0.029 (0.036); loamy soil, 0.038 (0.035); humus soil, 0.029 (0.032)(1). It was estimated that up to 16% of applied kepone may volatilize from loamy soil outdoors over a time-span of 1 vegetation period(1).","CHLORDECONE (KEPONE)"
"3026","The Henry's Law constant for dibutyl phthalate is reported as 1.81X10-6 atm-cu m/mole(1). This Henry's Law constant indicates that dibutyl phthalate is expected to volatilize from water surfaces(2). Based on this Henry's Law constant, the volatilization half-life from a model river (1 m deep, flowing 1 m/sec, wind velocity of 3 m/sec)(2) is estimated as 34 days(SRC). The volatilization half-life from a model lake (1 m deep, flowing 0.05 m/sec, wind velocity of 0.5 m/sec)(2) is estimated as 250 days(SRC). However, volatilization from water surfaces is expected to be attenuated by adsorption to suspended solids and sediment in the water column. The estimated volatilization half-life from a model pond is 22 years if adsorption is considered(3). Dibutyl phthalate's Henry's Law constant indicates that volatilization from moist soil surfaces may occur(SRC). Dibutyl phthalate is not expected to volatilize from dry soil surfaces(SRC) based upon a vapor pressure of 2.01X10-5 mm Hg(4).","DIBUTYL PHTHALATE"
"3032297","Volatilization from water surfaces, moist or dry soil is not expected given that nabam decomposes rapidly to ethylenethiourea(1).","NABAM"
"3032552","If released into water, nitrogen dioxide is expected to decompose to nitric acid(1). This compound is also expected to decompose in moist soil surfaces(1). The potential for volatilization of nitrogen dioxide from dry soil surfaces may exist(SRC) based upon a vapor pressure of 900 mm Hg at 25 °C(2).","NITROGEN DIOXIDE"
"3032581","Volatilization from water and moist soil surfaces is not expected to be an important fate process based upon rapid degradation of maneb in the environment by hydrolysis, oxidation, and photolysis(1). Maneb is not expected to volatilize from dry soil surfaces(SRC) based upon a vapor pressure of 7.5X10-8 mm Hg(2).","MANEB"
"3032792","The Henry's Law constant for thiophanate-ethyl is estimated as 5.2X10-13 atm-cu m/mole(SRC) using a fragment constant estimation method(1). This Henry's Law constant indicates that thiophanate-ethyl is expected to be essentially nonvolatile from water surfaces(2). Thiophanate-ethyl's Henry's Law constant(1) indicates that volatilization from moist soil surfaces will not occur(SRC). Thiophanate-ethyl is not expected to volatilize from dry soil surfaces(SRC) based upon an estimated vapor pressure of 1.2X10-9 mm Hg(SRC), determined from a fragment constant method(3).","THIOPHANATE ETHYL"
"3034368","The Henry's Law constant for mancozeb is estimated as 4.4X10-9 atm-cu m/mole(SRC) derived from its vapor pressure, 9.8X10-8 mm Hg(1), and water solubility, 6.2 mg/L(2). This Henry's Law constant indicates that mancozeb is expected to be essentially nonvolatile from water surfaces(3). Mancozeb is not expected to volatilize from dry soil surfaces(SRC) based upon its vapor pressure(1).","MANCOZEB"
"3035","The Henry's Law constant for DDE is 4.16X10-5 atm-cu m/mole(1). This Henry's Law constant indicates that DDE may volatilize from water surfaces(2). However, volatilization from water surfaces is expected to be severely attenuated by adsorption to suspended solids and sediment in the water column(SRC). Based on this Henry's Law constant, the volatilization half-life from a model river (1 m deep, flowing 1 m/sec, wind velocity of 3 m/sec)(2) is estimated as 1.8 days(SRC). The volatilization half-life from a model lake (1 m deep, flowing 0.05 m/sec, wind velocity of 0.5 m/sec)(2) is estimated as 18 days(SRC). However, volatilization from water surfaces is expected to be attenuated by adsorption to suspended solids and sediment in the water column. The estimated volatilization half-life from a model pond is 5 years if adsorption is considered(3). DDE's Henry's Law constant indicates that volatilization from moist soil surfaces may occur; however adsorption is expected to attenuate this process(SRC). DDE is not expected to volatilize from dry soil surfaces(SRC) based upon a vapor pressure of 6X10-6 mm Hg(4)..
... DDE volatilized from distilled water and natural water solutions five times faster than DDT under identical conditions.","DDE"
"3036","The Henry's Law constant for DDT is 8.32X10-6 atm-cu m/mole(1). This Henry's Law constant indicates that DDT is expected to volatilize from water surfaces(2). Based on this Henry's Law constant, the volatilization half-life from a model river (1 m deep, flowing 1 m/sec, wind velocity of 3 m/sec)(2) is estimated as 8.5 days(SRC). The volatilization half-life from a model lake (1 m deep, flowing 0.05 m/sec, wind velocity of 0.5 m/sec)(2) is estimated as 68 days(SRC). However, volatilization from water surfaces is expected to be attenuated by adsorption to suspended solids and sediment in the water column. The estimated volatilization half-life from a model pond is 300 years if adsorption is considered(3). DDT's Henry's Law constant indicates that volatilization from moist soil surfaces may occur, although adsorption is expected to attenuate this process(SRC). DDT is not expected to volatilize from dry soil surfaces(SRC) based upon a vapor pressure of 1.60X10-7 mm Hg(4)..
The volatility of DDT from various waters with air passing over the gently shaken 1 part per trillion solutions at 10 miles/hr led to half-lives of: distilled water - 3.9 hr, San Francisco Bay - 6.5 hr, American River - 6.0 hr and Sacramento River - 10 hr(1). Loss of 20-50% of DDT over 12 days from two natural waters changed to 0% loss when sediment was added(1). The half-life for volatilization from soil from a 3 year field study in Kenya was 110 days(3). Calculated half-lives for evaporation of DDT from soil from a depth of 1 cm ranged from 2,069-2,300 days(4). The % volatility of DDT from various surfaces after 48 hours: pure film on glass - 97.1%; droplets of aqueous emulsion on glass - 46.0%; on leaves - 40.6%(5). The volatilization half-life of DDT from an unspecified soil type was reported as 173 days(6).","DDT"
"30479","The Henry's Law constant for metribuzin is estimated as 1.2X10-10 atm-cu m/mole(SRC) derived from its vapor pressure, 4.35X10-7 mm Hg(1), and water solubility, 1050 mg/l(1). This Henry's Law constant indicates that metribuzin is expected to be essentially nonvolatile from water surfaces(2). In growth chamber studies using Ontko and Chehalis soils, volatilization rates of applied metribuzin over a 12 day period were negligible(1). However, using glass plates, it was shown that approximately 50% of applied metribuzin volatilized within 24 hrs, slowing to a 15-20% loss over the next 11 days. A field study was conducted using a Charlottetown fine sandy loam (2.1% OM, 55.1% sand, 30.2% silt, 14.7% clay, pH=6.1) and Berwick loamy sand (4.2% OM, 71.2% sand, 10.8% silt, 18.0% clay, pH=5.2), Prince Edward Island, Canada, with metribuzin applied at 0.5 kg/ha in 400 L/ha of water(4). Calculated mean half-lives in Berwirk loamy sand were 5.9 and 16.2 days in surface and incorporated metribuzin, respectively, and in Charlottetown fine sandy loam were 5.3 and 14.0 days, respectively(4). In both soil types, half-lives were nearly doubled when the soil was covered over(4). While the loss processes were not identified specifically as volatilization or pohtodegradation, the increase in persistence suggests that abiotic degradation of metribuzin is influenced by tillage practices and ground cover(4). Metribuzin is not expected to volatilize from dry soil surfaces(SRC) based upon a vapor pressure of 4.35X10-7 mm Hg(1).","METRIBUZIN"
"3082","The Henry's Law constant for dimethoate is estimated as 2.4X10-10 atm-cu m/mole(SRC) derived from its vapor pressure, 1.87X10-6 mm Hg(1), and water solubility, 23,300 mg/L(1). This Henry's Law constant indicates that diemthoate is expected to be essentially nonvolatile from water surfaces(2). After 6 days, average dimethoate losses due to evaporation from uncovered soil columns were 40.4, 32.3, 23.0, and 24.9% in sand, sandy clay loam, loam, and clay loam, respectively; dimethoate losses were directly proportional to water losses(3). Dimethoate is not expected to volatilize from dry soil surfaces(SRC) based upon its vapor pressure(1). The vaporization index for dimethoate was estimated to be 0.2-3 kg/ha/yr, or more(4).","DIMETHOATE"
"3102","The Henry's Law constant for benzophenone is estimated as 1.9X10-6 atm-cu m/mole(SRC) derived from its vapor pressure, 1.93X10-3 mm Hg(1), and water solubility, 137 mg/L(2). This Henry's Law constant indicates that benzophenone is expected to volatilize from water surfaces(3). Based on this Henry's Law constant, the volatilization half-life from a model river (1 m deep, flowing 1 m/sec, wind velocity of 3 m/sec)(3) is estimated as 15 hours(SRC). The volatilization half-life from a model lake (1 m deep, flowing 0.05 m/sec, wind velocity of 0.5 m/sec)(3) is estimated as 110 days(SRC). Benzophenone's estimated Henry's Law constant indicates that volatilization from moist soil surfaces may occur(SRC). Benzophenone is not expected to volatilize from dry soil surfaces(SRC) based upon its vapor pressure(1).","ALPHA-OXODIPHENYLMETHANE"
"31200","The Henry's Law constant for fenitrothion is 9.3X10-7 atm-cu m/mole(1). This Henry's Law constant indicates that fenitrothion is expected to be essentially nonvolatile from water surfaces(2). However, volatilization half-life of fenitrothion from a 5 mg/L distilled water solution at a temperature 20 °C was determined to be 65 days(4). Addition of fulvic acid at a concentration 5 mg/L increased the volatilization half-life to more than 180 days(4). However, the volatilization half-life from surface slicks after spraying fenitrothion formulation over a pond water was only 18 minutes at 20 °C(4). Fenitrothion's Henry's Law constant(1) indicates that volatilization from moist soil surfaces would occur slowly(SRC). Fenitrothion is not expected to volatilize from dry soil surfaces(SRC) based upon a vapor pressure of 5.4X10-5 mm Hg at 20 °C(3).","FENITROTHION"
"31242","The Henry's Law constant for p-ethylphenol is estimated as 1.2X10-6 atm-cu m/mole(SRC) from its experimental values for vapor pressure, 0.372 mm Hg at 25 °C(1), and water solubility, 4900 mg/L at 25 °C(2). This value indicates that p-ethylphenol will volatilize from water surfaces(3,SRC). Based on this Henry's Law constant, the volatilization half-life from a model river (1 m deep, flowing 1 m/sec, wind velocity of 3 m/sec) is estimated as approximately 33 days(3,SRC). The volatilization half-life from a model lake (1 m deep, flowing 0.05 m/sec, wind velocity of 0.5 m/sec) is estimated as approximately 245 days(3,SRC). p-Ethylphenol's values for vapor pressure(1) and Henry's Law constant(1,2,SRC) indicate that volatilization from dry and moist soil surfaces is not likely to be a major fate process for this compound(SRC).","1-ETHYL-4-HYDROXYBENZENE"
"32154","The Henry's Law constant for pronamide is estimated as 1.9X10-6 atm-cu m/mole(SRC) from its experimental values for vapor pressure, 8.5X10-5 mm Hg(1), and water solubility, 15 mg/L(2). This value indicates that pronamide will volatilize from water surfaces(3,SRC). Based on this Henry's Law constant, the volatilization half-life from a model river (1 m deep, flowing 1 m/sec, wind velocity of 3 m/sec) is estimated as approximately 31 days(3,SRC). The volatilization half-life from a model lake (1 m deep, flowing 0.05 m/sec, wind velocity of 0.5 m/sec) is estimated as approximately 230 days(3,SRC). Pronamide's values for vapor pressure(1) and Henry's Law constant(1,2,SRC) indicate that volatilization from dry and moist soil should not occur(SRC). However, volatilization of pronamide from soil surfaces under very hot and dry conditions has been observed during laboratory experiments(4).","PRONAMIDE"
"3224","The Henry's Law constant for endosulfan is 6.5X10-5 atm-cu m/mole(1). This Henry's Law constant indicates that endosulfan may be expected to volatilize from water surfaces(2). Based on this Henry's Law constant, the volatilization half-life from a model river (1 m deep, flowing 1 m/sec, wind velocity of 3 m/sec)(3) is estimated as 33 hours(SRC). The volatilization half-life from a model lake (1 m deep, flowing 0.05 m/sec, wind velocity of 0.5 m/sec)(2) is estimated as 16 days(SRC). Endosulfan's Henry's Law constant indicates that volatilization from moist soil surfaces may occur(SRC). Endosulfan is not expected to volatilize from dry soil surfaces(SRC) based upon its vapor pressure of 1.73X10-7 mm Hg(3).","ENDOSULFAN"
"3347","The Henry's Law constant for fenvalerate is estimated as 3.4X10-8 atm-cu m/mole(SRC) derived from its vapor pressure, 1.5X10-9 mm Hg(1), and water solubility, 2.4X10-2 mg/L(2). This Henry's Law constant indicates that fenvalerate is expected to be essentially nonvolatile from water surfaces(3). Fenvalerate's estimated Henry's Law constant indicates that volatilization from moist soil surfaces may not occur(SRC). Fenvalerate is not expected to volatilize from dry soil surfaces(SRC) based upon its vapor pressure(1). During a laboratory metabolism study, volatilization of fenvalerate from activated sludge, sediment or soil was less than 0.1%(4).","FENVALERATE"
"335","The Henry's Law constant for o-cresol is 1.2X10-6 atm-cu m/mole(1). This Henry's Law constant indicates that o-cresol is expected to volatilize from water surfaces(2). Based on this Henry's Law constant, the volatilization half-life from a model river (1 m deep, flowing 1 m/sec, wind velocity of 3 m/sec)(2) is estimated as approximately 32 days(SRC). The volatilization half-life from a model lake (1 m deep, flowing 0.05 m/sec, wind velocity of 0.5 m/sec)(2) is estimated as approximately 235 days(SRC). o-Cresol's Henry's Law constant(1) indicates that volatilization from moist soil surfaces may occur(SRC). o-Cresol may volatilize from dry soil surfaces(SRC) based upon a vapor pressure of 0.18 mm Hg at 25 °C(3).","O-CRESOL"
"3352","The Henry's Law constant for fipronil is estimated as 8.4X10-10 atm-cu m/mole(SRC), derived from its vapor pressure, 2.78X10-9 mm Hg(1), and water solubility, 1.9 mg/L(1). This Henry's Law constant indicates that fipronil is expected to be essentially nonvolatile from water and moist soil surfaces(2). Fipronil is not expected to volatilize from dry soil surfaces(SRC) based upon its vapor pressure(1).","FIPRONIL"
"33599","The Henry's Law constant for diisodecyl phthalate is estimated as 1.1X10-6 atm-cu m/mole(SRC) derived from its vapor pressure, 5.28X10-7 mm Hg(1), and water solubility, 0.28 mg/L(2). This Henry's Law constant indicates that diisodecyl phthalate is expected to volatilize from water surfaces(3). Based on this Henry's Law constant, the volatilization half-life from a model river (1 m deep, flowing 1 m/sec, wind velocity of 3 m/sec)(3) is estimated as 70 days(SRC). The volatilization half-life from a model lake (1 m deep, flowing 0.05 m/sec, wind velocity of 0.5 m/sec)(3) is estimated as 1.4 years(SRC). However, volatilization from water surfaces is expected to be attenuated by adsorption to suspended solids and sediment in the water column. The estimated volatilization half-life from a model pond is 2000 years if adsorption is considered(4). Diisodecyl phthalate's Henry's Law constant indicates that volatilization from moist soil surfaces may occur(SRC). Diisodecyl phthalate is not expected to volatilize from dry soil surfaces(SRC) based upon its vapor pressure(1).","1,2-BENZENEDICARBOXYLIC ACID, DIISODECYL ESTER"
"33775","The Henry's Law constant for norflurazon is estimated as 3.4X10-10 atm-cu m/mole(SRC) derived from its vapor pressure, 2.89X10-8 mm Hg(1), and water solubility, 33.7 mg/L(1). This Henry's Law constant indicates that norflurazon is expected to be essentially nonvolatile from water surfaces(2). Norflurazon is not expected to volatilize from dry soil surfaces(SRC) based upon its vapor pressure(1).","NORFLURAZON"
"34466","The Henry's Law constant for octachlorostyrene is estimated as 2.3X10-4 atm-cu m/mole(SRC) using a fragment constant estimation method(1). This Henry's Law constant indicates that octachlorostyrene is expected to volatilize from water surfaces(2). Based on this Henry's Law constant, the volatilization half-life from a model river (1 m deep, flowing 1 m/sec, wind velocity of 3 m/sec)(2) is estimated as 13 hours(SRC). The volatilization half-life from a model lake (1 m deep, flowing 0.05 m/sec, wind velocity of 0.5 m/sec)(2) is estimated as 10 days(SRC). Octachlorostyrene's Henry's Law constant indicates that volatilization from moist soil surfaces may occur(SRC). However, volatilization from moist soil water surfaces is expected to be attenuated by adsorption(SRC). The estimated volatilization half-life from a model pond is 670 yrs if adsorption is considered(3). Octachlorostyrene is not expected to volatilize from dry soil surfaces(SRC) based upon an estimated vapor pressure of 1.3X10-5 mm Hg(SRC), determined from a fragment constant method(4).","OCTACHLOROSTYRENE"
"3589","The Henry's Law constant for heptachlor is 2.94X10-4 atm-cu m/mole(1). This Henry's Law constant indicates that heptachlor is expected to volatilize from water surfaces(2). Based on this Henry's Law constant, the volatilization half-life from a model river (1 m deep, flowing 1 m/sec, wind velocity of 3 m/sec)(2) is estimated as 6 hours(SRC). The volatilization half-life from a model lake (1 m deep, flowing 0.05 m/sec, wind velocity of 0.5 m/sec)(2) is estimated as 9 days(SRC). However, volatilization from water surfaces is expected to be attenuated by adsorption to suspended solids and sediment in the water column(SRC). The estimated volatilization half-life from a model pond is 1.5 years if adsorption is considered(3). The volatilization half-life of heptachlor from glass surfaces was determined to be 0.73 days from static distilled water and 0.29 days from stirred river water(4). Heptachlor's Henry's Law constant(1) indicates that volatilization from moist soil surfaces may occur(SRC). When heptachlor was applied to orchard grass, approximately 90% was lost in 7 days(5). Six hours and 6 days after application of heptachlor to a moist soil surface, 50% and 90% of the heptachlor had volatilized, respectively(6). However, only 7% of heptachlor incorporated 7.5 cm into soil had volatilized after 167 days(6). Fifty hours following the application of heptachlor to a dry soil surface, 14 to 40% of the heptachlor had volatilized(6).","HEPTACHLOR"
"36400","The Henry's Law constant for Aroclor 1248 is 4.4X10-4 atm-cu m/mole(1). This Henry's Law constant indicates that Aroclor 1248 is expected to volatilize from water surfaces(2). Based on this Henry's Law constant, the volatilization half-life from a model river (1 m deep, flowing 1 m/sec, wind velocity of 3 m/sec)(2) is estimated as 8.4 hours(SRC). The volatilization half-life from a model lake (1 m deep, flowing 0.05 m/sec, wind velocity of 0.5 m/sec)(2) is estimated as 8 days(SRC). However, volatilization from water surfaces is expected to be attenuated by adsorption to suspended solids and sediment in the water column. Aroclor 1248's Henry's Law constant indicates that volatilization from moist soil surfaces may occur(SRC). The volatilization half-life from a model pond is about 50 months when adsorption is considered(3). Aroclor 1248 is not expected to volatilize from dry soil surfaces(SRC) based upon a vapor pressure of 4.94X10-4 mm Hg(4). Volatilization of Aroclor 1248 was reported as 55.5% of the initial concentration after application to subaqueous quartz sand within 24 hrs(5). Congeners with the fewest number of chlorines were preferentially lost(5).","AROCLOR 1248"
"36462","The Henry's Law constant for etoposide is estimated as 1.7X10-30 atm-cu m/mole(SRC) using a fragment constant estimation method(1). This Henry's Law constant indicates that etoposide is expected to be essentially nonvolatile from water surfaces(2). Etoposide's Henry's Law constant indicates that volatilization from moist soil surfaces is not expected(SRC). Etoposide is not expected to volatilize from dry soil surfaces(SRC) based upon an estimated vapor pressure of 5.4X10-24 mm Hg(SRC), determined from a fragment constant method(3).","ETOPOSIDE"
"37123","The Henry's Law constant for diflubenzuron is estimated as 4.6X10-9 atm-cu m/mole(SRC) derived from its vapor pressure, 9X10-10 mm Hg(1), and water solubility, 0.08 mg/L(1). This Henry's Law constant indicates that diflubenzuron is expected to be essentially nonvolatile from water surfaces(2). Diflubenzuron's Henry's Law constant indicates that volatilization from moist soil surfaces is not expect to occur(SRC). Diflubenzuron is not expected to volatilize from dry soil surfaces(SRC) based upon its vapor pressure(1).","DIFLUBENZURON"
"37270","The half-life for volatilization of heptachlorodibenzo-p-dioxin from a river one meter deep flowing 1 m/sec with a wind velocity of 3 m/sec is estimated(SRC) to be 3.7 days at 25 °C(1) based on a Henry's Law constant of 2.18X10-5 atm-cu m/mole which has been estimated using a structure-based estimation method(2). Strong adsorption to sediment and suspended particulate matter, however, is expected to greatly attenuate the rate of volatilization in many natural waters(SRC). A half-life of >51 years for volatilization from a model pond can be estimated using a three-compartment EXAMS model which considers the effect of adsorption(3).","1,2,3,4,6,7,8-HEPTACHLORODIBENZO-P-DIOXIN"
"37517","The Henry's Law constant for iprodione is 3.12X10-9 atm-cu m/mole(1). This Henry's Law constant indicates that iprodione is expected to be essentially nonvolatile from water surfaces(2). Iprodione is also not expected to volatilize substantially from soil due to aerobic soil metabolism, hydrolysis, and its low vapor pressure of 3.75X10-9 mm Hg(3,4). In addition, an aerobic soil metabolism study indicated that only 5.27% of the applied iprodione had volatilized after 276 days in a sandy loam soil. Of this, 5.23% was radio-labeled carbon dioxide(3).","IPRODIONE"
"38018","The Henry's Law constant for Aroclor 1260 is 3.36X10-4 atm-cu m/mole(1). This Henry's Law constant indicates that Aroclor is expected to volatilize from water surfaces(2). Based on this Henry's Law constant, the volatilization half-life from a model river (1 m deep, flowing 1 m/sec, wind velocity of 3 m/sec)(2) is estimated as 11 hours(SRC). The volatilization half-life from a model lake (1 m deep, flowing 0.05 m/sec, wind velocity of 0.5 m/sec)(2) is estimated as 9.4 days(SRC). However, volatilization from water surfaces is expected to be attenuated by adsorption to suspended solids and sediment in the water column. The estimated volatilization half-life from a model pond is 37 months to 300 years if adsorption is considered(3). Although the volatilization rate of Aroclor 1260 may be low from soil surfaces due to the tight adsorption and low vapor pressure, the total loss by volatilization over time may be significant because of the persistence and stability of Aroclor 1260(4). Studies indicate that volatilization of lower chlorinated and ortho-enriched congeners are greatly enhanced from wet versus dry sand or sediment(4). This was attributed to desorption followed by evaporation-enhanced volatilization(5). In one study, a series of experiments were conducted to measure the rate of volatile loss of Aroclor 1260 from subaqueous quartz sand under laboratory conditions(5). Congeners with the fewest number of chlorines were preferentially lost(5). Overall, 20% of the initial concentration of Aroclor 1260 applied to the subaqueous quartz sand volatilized within 24 hrs(5). Researchers studied the volatilization half-lives of a number of different Aroclor's in aqueous media; volatilization half-lives ranged from 10-12 days for volatilization from pure water and up to 52 days for volatilization of Aroclor 1260 from river water(6).","AROCLOR 1260"
"38479","The Henry's Law constant for pendimethalin is 8.56X10-7 atm-cu m/mole(1). This Henry's Law constant indicates that pendimethalin is expected to volatilize from water surfaces(2). Based on this Henry's Law constant, the volatilization half-life from a model river (1 m deep, flowing 1 m/sec, wind velocity of 3 m/sec)(2) is estimated as 72 days(SRC). The volatilization half-life from a model lake (1 m deep, flowing 0.05 m/sec, wind velocity of 0.5 m/sec)(2) is estimated as 530 days(SRC). However, volatilization from water surfaces is expected to be attenuated by adsorption to suspended solids and sediment in the water column.  The estimated volatilization half-life from a model pond is 9.6 years if adsorption is considered(3). In a laboratory experiment, 35% of pendimethalin volatilized from an aqueous solution in 36 hours at 30 °C(4). The half-life of pendimethalin from distilled water in a static experiment was 3.85 days(5), and that from a glass plate in winter was 4.88 days(5). Pendimethalin's Henry's Law constant indicates that volatilization from moist soil surfaces may occur(SRC). Volatilization of dinitroaniline herbicides (including pendimethalin) to the atmosphere following field application is recognized as one of the major pathways of herbicide loss(6); a study found that increase in relative humidity increases the rate of loss to the atmosphere(6). Pendimethalin is not expected to volatilize from dry soil surfaces(SRC) based upon a vapor pressure of 9.4X10-6 mm Hg(7). In a laboratory study, the max volatility rate for an air-dried loam soil was 5.4X10-5 ug/cu cm/hr while the rate was 38 times faster with moist soil(8)..
Volatilization loss of ring-labeled 14C-pendimethalin in 3 hours at 50 °C with an air flow of 50 mL/min was measured for various soils at different moisture levels(1). The results were (soil, loss): Lakeland sand (0.5% organic matter, 7.0% soil moisture), 4%; Lakeland sand (0.5% organic matter, 15.3% soil moisture), 3%; Hagerstown clay loam (1.9% organic matter, 25.8% moisture), 3%; Littleton silt loam (5.2% organic matter, 25.0% moisture), 2%(1). A laboratory study in which pendimethalin (0.5 ppm) volatilizing from dry, moist, and flooded Bosket sandy loam in a Petri dish was trapped on activated charcoal coated on the cover of the dish indicated that the amount of herbicide lost was very low at all moisture levels(2). A volatilization study using a soil of 2% organic matter and a 7-day observation period, found a pendimethalin loss of 3.7% which dropped to 3.0% with the addition of urea fertilizer(3); the volatization half-life was estimated to be about 107 days(3). Volatilization loss of ring-labeled 14C-pendimethalin ranged from 1.24-2.78% over a 28-day period using a sandy soil and a forest ecosystem soil(4). Pendimethalin readily volatilizes from leaf surfaces(5).","PENDIMETHALIN"
"39385","The Henry's Law constant for triadimefon is estimated as 8.10X10-11 atm-cu m/mole(SRC) derived from its vapor pressure, 1.50X10-8 mm Hg at 25 °C(1), and water solubility, 7.15 mg/L(1). This Henry's Law constant indicates that triadimefon is expected to be essentially nonvolatile from water surfaces(2). The Henry's Law constant for triadimefon indicates that volatilization from moist soil surfaces is not expected(SRC). Triadimefon is not expected to volatilize from dry soil surfaces(SRC) based upon its vapor pressure(3). One study suggests volatility of triadimefon to be a greater factor than suggested by the vapor pressure and water solubility based upon a proposed volatilization equation(4).","TRIADIMEFON"
"39676","The Henry's Law constant for vinclozolin is estimated as 1.7X10-8 atm-cu m/mole(SRC) derived from its vapor pressure, 2.6X10-6 mm Hg(1), and water solubility, 2.6 mg/L(2). This Henry's Law constant indicates that vinclozolin is expected to be essentially nonvolatile from water surfaces(3). Vinclozolin's estimated Henry's Law constant indicates that volatilization from moist soil surfaces is not expected(SRC). Vinclozolin is not expected to volatilize from dry soil surfaces(SRC) based upon its vapor pressure(1).","VINCLOZOLIN"
"39929","The Henry's Law constant for 2,3,7,8-tetrachlorodibenzofuran is estimated as 1.54X10-5 atm-cu m/mole(SRC) using a fragment constant estimation method(1). This Henry's Law constant indicates that 2,3,7,8-tetrachlorodibenzofuran is expected to volatilize from water surfaces(2). Based on this Henry's Law constant, the volatilization half-life from a model river (1 m deep flowing 1 m/sec with a wind velocity of 3 m/sec) can be estimated to be 4 days(2). The volatilization half-life from a model lake (1 m deep, flowing 0.05 m/sec, wind velocity of 0.5 m/sec)(2) is estimated as 37 days(SRC). However, volatilization from water surfaces is expected to be attenuated by adsorption to suspended solids and sediment in the water column(SRC). The estimated volatilization half-life from a model pond is 5,800 years if adsorption is considered(3). 2,3,7,8-Tetrachlorodibenzofuran is not expected to volatilize from dry soil surfaces(SRC) based upon an estimated vapor pressure of 1.5X10-6 mm Hg(SRC), determined from a fragment constant method(4).","2,3,7,8-TETRACHLORODIBENZOFURAN"
"4004","The Henry's Law constant for malathion is reported as 4.89X10-9 atm-cu m/mole(1). This Henry's Law constant indicates that malathion is expected to be essentially nonvolatile from water and moist soil surfaces(2). Malathion is not expected to volatilize from dry soil surfaces(SRC) based upon a vapor pressure of 3.97X10-5 mm Hg(3).","MALATHION"
"40326","The Henry's Law constant for permethrin is estimated as 2.4X10-6 atm-cu m/mole(SRC) derived from its vapor pressure, 5.18X10-8 mm Hg(1), and water solubility, 0.0111 mg/L(1). This Henry's Law constant indicates that permethrin is expected to volatilize from water surfaces(2). Based on this Henry's Law constant, the volatilization half-life from a model river (1 m deep, flowing 1 m/sec, wind velocity of 3 m/sec)(2) is estimated as 39 days(SRC). The volatilization half-life from a model lake (1 m deep, flowing 0.05 m/sec, wind velocity of 0.5 m/sec)(2) is estimated as 289 days(SRC). However, volatilization from water surfaces is expected to be attenuated by  adsorption to suspended solids and sediment in the water column(SRC). The estimated volatilization half-life from a model pond exceeds 100 years if adsorption is considered(3). Permethrin's Henry's Law constant and adsorption to soil indicates that volatilization from moist soil surfaces is not expected to be an important fate process(SRC). Permethrin is not expected to volatilize from dry soil surfaces(SRC) based upon its vapor pressure.","PERMETHRIN"
"40470","To test whether soils differed in their ability to degrade PCBs, PCB-contaminated pond sediment was incubated in shake culture with 8 agricultural or forest soils. The rate and degree of degradation of Aroclor 1248, 1254, and 1260 present in the sediment were followed over 112 days. All soils but one degraded Aroclor 1248 at least 70% in 14 days and over 90% in 112 days. Aroclor 1254 was much slower than that of Aroclor 1248, and only approximately 40% of 1254 was degraded in 112 days. Aroclor 1260 was not degraded by any soil sample. As the growth of aerobic organisms in the shake cultures increased, degradation of Aroclor 1248 also increased in parallel. The number of organisms in the shake cultures that were able to use Aroclor 1221 as a carbon source reached a peak at 70 days, indicating a lag of growth of Aroclor-degrading organisms..
The Henry's Law constant for Aroclor 1254 is 2.83X10-4 atm-cu m/mole at 25 °C(1). This Henry's Law constant indicates that Aroclor 1254 is expected to volatilize from water surfaces(2). Based on this Henry's Law constant, the volatilization half-life from a model river (1 m deep, flowing 1 m/sec, wind velocity of 3 m/sec)(2) is estimated as 11 hours(SRC). The volatilization half-life from a model lake (1 m deep, flowing 0.05 m/sec, wind velocity of 0.5 m/sec)(2) is estimated as 9 days(SRC). Aroclor 1254's Henry's Law constant indicates that volatilization from moist soil surfaces may occur(SRC). However, volatilization from water surfaces is expected to be attenuated by adsorption to suspended solids and sediment in the water column. The volatilization half-life from a model pond is about 2 years when adsorption is considered(3). Aroclor 1254 is not expected to volatilize from dry soil surfaces(SRC) based upon a vapor pressure of 7.71X10-5 mm Hg(4). Research studies indicates that volatilization of lower chlorinated and ortho-enriched congeners are greatly enhanced from wet versus dry sand or sediment(5). This was attributed to desorption followed by evaporation-enhanced volatilization(5). In one study, a series of experiments were conducted to measure the rate of volatile loss of Aroclor 1254 from subaqueous quartz sand under laboratory conditions(6). Congeners with the fewest number of chlorines were preferentially lost. Overall, 34.5% of the initial concentration of Aroclor 1254 applied to the subaqueous quartz sand volatilized within 24 hrs(6)..
Vapor loss of Aroclor 1254 from clay soil was negligible over a 4 week period, but vapor loss from sand varied from 10-75% over the same period with evaporation of the lower chlorinated cogeners occurring at the faster rates(1). Vapor loss of Aroclor 1254 from three different soils was observed to be 40-50% over 2-4 months(2). Volatilization was observed to be the major process by which Aroclor 1254 was lost from three unamended calcareous soils from New Mexico during 240 days of monitoring; amending the soils with sewage sludge decreased the rate of volatilization(3).","AROCLOR 1254"
"40813","The Henry's Law constant for pyriminil is estimated as 1.84X10-16 atm-cu m/mole(SRC) using a fragment constant estimation method(1). This Henry's Law constant indicates that pyriminil is expected to be essentially nonvolatile from moist soil or water surfaces(2). Pyriminil is not expected to volatilize from dry soil surfaces(SRC) based upon an estimated vapor pressure of 3.39X10-9 mm Hg(SRC), determined from a fragment constant method(3).","PYRIMINIL"
"4109","The Henry's Law constant for methomyl is estimated as 1.9X10-11 atm-cu m/mole(SRC) derived from its vapor pressure, 5.4X10-6 mm Hg(1), and water solubility, 58,000 mg/l(2). This Henry's Law constant indicates that methomyl is expected to be essentially nonvolatile from water surfaces(3). Methomyl's estimated Henry's Law constant indicates that volatilization from moist soil surfaces is not expected to be an important environmental fate process(SRC). Methomyl is not expected to volatilize from dry soil surfaces(SRC) based upon its vapor pressure(1).","METHOMYL"
"4115","The Henry's Law constant for methoxychlor is 2.03X10-7 atm-cu m/mole(1). This Henry's Law constant indicates that methoxychlor is expected to be essentially nonvolatile from water(2) and moist surfaces(SRC). Methoxychlor is not expected to volatilize from dry soil surfaces(SRC) based upon an estimated vapor pressure of 4.2X10-5 mm Hg(3), determined from a fragment constant method(3).","METHOXYCHLOR"
"4130","The Henry's Law constant for methyl parathion is 1.0X10-7 atm-cu m/mole(1). This Henry's Law constant indicates that methyl parathion is expected to be essentially nonvolatile from water surfaces(2). Methyl parathion's Henry's Law constant(1) indicates that volatilization from moist soil surfaces is not expected to occur(SRC). Methyl parathion is not expected to volatilize from dry soil surfaces(SRC) based upon a vapor pressure of 3.5X10-6 mm Hg at 25 °C(3). Vapor losses from soil incorporated methyl parathion were much lower than from glass surfaces and the same trend would probably apply to parathion(4). Volatilization of methyl parathion from wet soil was measured to be 0.7% one day after application; volatilization from dry soil was much slower than from wet soil(5).","METHYL PARATHION"
"42128","The Henry's Law constant for 2,3,4,7,8-pentachlorodibenzofuran is estimated as 5.0X10-6 atm-cu m/mole(SRC) derived from its vapor pressure, 2.63X10-9 mm Hg(1), and water solubility, 2.35X10-4 mg/l(2). This Henry's Law constant indicates that 2,3,4,7,8-pentachlorodibenzofuran is expected to volatilize from water surfaces(3). Based on this Henry's Law constant, the volatilization half-life from a model river (1 m deep, flowing 1 m/sec, wind velocity of 3 m/sec)(3) is estimated as 9.1 days(SRC). The volatilization half-life from a model lake (1 m deep, flowing 0.05 m/sec, wind velocity of 0.5 m/sec)(3) is estimated as 106 days(SRC). However, volatilization from water surfaces is expected to be attenuated by adsorption to suspended solids and sediment in the water column(SRC). The estimated volatilization half-life from a model pond is >59 years if adsorption is considered(4). 2,3,4,7,8-Pentachlorodibenzofuran is not expected to volatilize from dry soil surfaces(SRC) based upon its vapor pressure(1).","2,3,4,7,8-PENTACHLORODIBENZOFURAN"
"4485","The Henry's Law constant for Nifedipine is estimated as 7.3X10-14 atm-cu m/mole(SRC) using a fragment constant estimation method(1). This Henry's Law constant indicates that Nifedipine is expected to be essentially nonvolatile from water surfaces(2). Nifedipine's Henry's Law constant indicates that volatilization from moist soil surfaces is not expected to occur(SRC). Nifedipine is not expected to volatilize from dry soil surfaces(SRC) based upon an estimated vapor pressure of 2.6X10-8 mm Hg(SRC), determined from a fragment constant method(3).","Nifedipine"
"448537","The Henry's Law constant for diethylstilbestrol is estimated as 5.8X10-8 atm-cu m/mole(SRC) using a fragment constant estimation method(1). This Henry's Law constant indicates that diethylstilbestrol is expected to be essentially nonvolatile from water surfaces(2). Diethylstilbestrol's Henry's Law constant(1) indicates that volatilization from moist soil surfaces is not expected to occur(SRC). Diethylstilbestrol is not expected to volatilize from dry soil surfaces(SRC) based upon an estimated vapor pressure of 1.4X10-8 mm Hg(3), determined from a fragment constant method(SRC).","DIETHYLSTILBESTROL"
"4616","The Henry's Law constant for oxazepam is estimated as 5.5X10-10 atm-cu m/mole(SRC) using a fragment constant estimation method(1). This Henry's Law constant indicates that oxazepam is expected to be essentially nonvolatile from water and moist soil surfaces(2). Oxazepam is not expected to volatilize from dry soil surfaces(SRC) based upon an estimated vapor pressure of 4.2X10-12 mm Hg(SRC), determined from a fragment constant method(3).","OXAZEPAM"
"4618","The Henry's Law constant for oxydemeton-methyl is estimated as 1.6X10-13 atm-cu m/mole(SRC) using a fragment constant estimation method(1). This Henry's Law constant indicates that oxydemeton-methyl is expected to be essentially nonvolatile from water surfaces(2). Oxydemeton-methyl is not expected to volatilize from dry soil surfaces(SRC) based upon a vapor pressure of 2.85X10-5 mm Hg(3). However, it has been estimated that between 3.5 to 6.5 kg or more of oxydemeton-methyl would volatilize from 1 ha of oxydemeton-methyl-treated loam soil at 25 °C during a year(4).","OXYDEMETON METHYL"
"47576","The Henry's Law constant for ketoconazole is estimated as 5.6X10-20 atm-cu m/mole(SRC) using a fragment constant estimation method(1). This Henry's Law constant indicates that ketoconazole is expected to be essentially nonvolatile from water and moist soil surfaces(2). Ketoconazole is not expected to volatilize from dry soil surfaces(SRC) based upon an estimated vapor pressure of 6.4X10-14 mm Hg(SRC), determined from a fragment constant method(3).","KETOCONAZOLE"
"4767","The Henry's Law constant for phenothrin is estimated as 6.8X10-6 atm-cu m/mole(1), based upon its vapor pressure 1.43X10-7 mm Hg(1), and water solubility, 9.7X10-3 mg/L(1). This Henry's Law constant indicates that phenothrin is expected to volatilize from water surfaces(2). Based on this Henry's Law constant, the volatilization half-life from a model river (1 m deep, flowing 1 m/sec, wind velocity of 3 m/sec)(2) is estimated as 7 days(SRC). The volatilization half-life from a model lake (1 m deep, flowing 0.05 m/sec, wind velocity of 0.5 m/sec)(2) is estimated as 81 days(SRC). However, volatilization from water surfaces is expected to be attenuated by adsorption to suspended solids and sediment in the water column. The estimated volatilization half-life from a model pond is 120 years if adsorption is considered (3). Phenothrin's estimated Henry's Law constant indicates that volatilization from moist soil surfaces may occur(SRC). Phenothrin is not expected to volatilize from dry soil surfaces(SRC) based its vapor pressure(1).","PHENOTHRIN"
"4933","The Henry's Law constant for propanil is estimated as 1.7X10-9 atm-cu m/mole(SRC) derived from its vapor pressure, 9.08X10-7 mm Hg(1), and water solubility, 152 mg/L(1). This Henry's Law constant indicates that propanil is expected to be essentially nonvolatile from moist soil and water surfaces(2). Propanil is not expected to volatilize from dry soil surfaces(SRC) based upon its vapor pressure(1).","PROPANIL"
"5054","The Henry's Law constant for resorcinol is estimated as 9.9X10-11 atm-cu m/mole(SRC) derived from its vapor pressure, 4.89X10-4 mm Hg(1), and water solubility, 7.17X10+5 mg/L(2). This Henry's Law constant indicates that resorcinol is expected to be essentially nonvolatile from water and moist soil surfaces(3). Resorcinol is not expected to volatilize from dry soil surfaces(SRC) based upon its vapor pressure(1).","RESORCINOL"
"51605","The Henry's Law constant for fenoxycarb is estimated as 4.3X10-10 atm-cu m/mole(SRC) derived from its vapor pressure, 6.50X10-9 mm Hg(1), and water solubility, 6.00 mg/L(2). This Henry's Law constant indicates that fenoxycarb is expected to be essentially nonvolatile from water surfaces(3). Fenoxycarb is not expected to volatilize from dry soil surfaces(SRC) based upon its vapor pressure of 6.5X10-9 mm Hg(1).","FENOXYCARB"
"5216","THE EFFECT OF MOISTURE ON VOLATILITIES OF SEVEN S-TRIAZINES WAS DETERMINED AT 45 °C ON TIFTON LOAMY SAND. ON WET SOIL THE ORDER OF LOSS OF HERBICIDES WAS TRETAZINE > ATRAZINE > AMETRYN APPROX EQUAL TO PROPAZINE APPROX EQUAL TO PROMETRYN APPROX EQUAL TO PROMETONE > SIMAZINE, WHEREAS ON DRY SOIL THE LOSSES WERE NOT AS EXTENSIVE. THE ORDER WAS TRIETAZINE > PROPAZINE > ATRAZINE APPROX EQUAL TO SIMAZINE APPROX EQUAL TO PROMETONE > AMETRYN APPROX EQUAL TO PROMETRYN. ADSORPTION AND WATER SOLUBILITY WERE SUGGESTED AS FACTORS THAT CAN AFFECT THE RATE OF VAPORIZATION OF THESE HERBICIDES..
The Henry's Law constant for simazine is estimated as 9.4X10-10 atm-cu m/mole(SRC) derived from its vapor pressure, 2.2X10-8 mm Hg(1), and water solubility, 6.2 mg/L(1). This Henry's Law constant indicates that simazine is expected to be essentially nonvolatile from water and moist soil surfaces(2). Simazine is not expected to volatilize from dry soil surfaces based on its vapor pressure(1).","SIMAZINE"
"5281303","The Henry's Law constant for azadirachtin is estimated as 2.8X10-25 atm-cu m/mole(SRC)derived from a vapor pressure of 2.7X10-11 mm Hg(1) and a water solubility of 260 mg/L(1). This Henry's Law constant indicates that azadirachtin is expected to be essentially nonvolatile from moist soil and water surfaces(2). Azadirachtin is not expected to volatilize from dry soil surfaces(SRC) based upon its vapor pressure(1).","Azadirachtin"
"5284461","The Henry's Law constant for T-2 Toxin is estimated as 5.5X10-18 atm-cu m/mole(SRC) using a fragment constant estimation method(1). This Henry's Law constant indicates that T-2 Toxin is expected to be essentially nonvolatile from water and moist soil surfaces(2). T-2 Toxin is not expected to volatilize from dry soil surfaces(SRC) based upon an estimated vapor pressure of 3.1X10-11 mm Hg(SRC), determined from a fragment constant method(3).","T-2 TOXIN"
"5284469","Toxaphene is a mixture of many congeners, each of which has its own Henry's Law constant. A Henry's Law constant of 6.00X10-6 mm Hg has been measured for the mixture(1). Henry's Law constant measurements for the individual congeners are not available; however, estimated values for a representative hexachloro- and decachloro- congener found in the toxaphene mixture of 3.5X10-4 and 5.4X10-6 cu cm/molecule-sec, respectively, (SRC) using a fragment constant estimation method(2). These Henry's Law constant values indicate that toxaphene is expected to volatilize from water surfaces(3). Using an estimatation method(6), a model pond, 2 m deep, had estimated volatilization half-lives of 5 and 165 days(SRC) for the representative hexachloro- and decachloro- congeners, respectively, without considering sorption to particulate matter. However, these half-lives increased to 660 days and 365 years, respectively, when sorption was considered(6), indicating that sorption may attenuate the rate of the volatilization process considerably(SRC). Toxaphene's Henry's Law constant indicates that volatilization from moist soil surfaces may occur(SRC). Cotton plants treated with toxaphene at a level of 2.24 kg/ha by aerial application lost 26% of the toxaphene via evaporation with the greatest loss occurring mid-afternoon(5). The researchers concluded that volatile loss of toxaphene was 3.5 g/ha 4 to 5 days after application. They found that evaporation and subsequent aerial transport is probably the major pathway of toxaphene dissipation from cotton(5). Loss of toxaphene in dry, aerobic soil was slower at a depth of 7.5 cm than from soil surfaces(6).","CAMPHECHLOR"
"5284484","The Henry's Law constant for zineb is estimated as <2.7X10-9 atm-cu m/mole(1). This Henry's Law constant and zineb being a zinc salt indicate that zineb is essentially nonvolatile from water surfaces(2). It is estimated that vapor losses of zineb from agricultural land would be low, <0.1 kg/ha/yr(3). Zineb is not expected to volatilize from dry soil surfaces(SRC) based upon a vapor pressure of <7.5X10-8 mm Hg(1).","ZINEB"
"5327","The Henry's Law constant for sulfamethazine is estimated as 1.93X10-10 atm-cu m/mole(SRC) using a fragment constant estimation method(1). This Henry's Law constant indicates that the neutral species of sulfamethazine is expected to be essentially nonvolatile from water and moist soil surfaces(2). A pKa of 7.65(2) indicates sulfamethazine will exist almost partially in the anion form at pH values of 5 to 9 and, therefore, volatilization of the ionic form from water surfaces is not expected to be an important fate process(SRC). Sulfamethazine is not expected to volatilize from dry soil surfaces(SRC) based upon an estimated vapor pressure of 6.8X10-9 mm Hg(SRC), determined from a fragment constant method(3).","SULFAMETHAZINE"
"5329","The Henry's Law constant for sulfamethoxazole is estimated as 6.4X10-13 atm-cu m/mole(SRC) using a fragment constant estimation method(1). This Henry's Law constant indicates that sulfamethoxazole is expected to be essentially nonvolatile from water surfaces(2). Sulfamethoxazole is not expected to volatilize from dry soil surfaces(SRC) based upon an estimated vapor pressure of 6.9X10-8 mm Hg(SRC), determined from a fragment constant method(3).","SULFAMETHOXAZOLE"
"5366415","When applied to moist soil surface without soil incorporation, metham itself is not volatile; but its main breakdown product, methyl isothiocyanate, is rapidly lost by volatility. /Metham/.
Sodium methyldithiocarbamate is essentially nonvolatile from water surfaces and dry soil surfaces(1). The major transformation product of sodium methyldithiocarbamate is methyl isothiocyanate, which volatilizes rapidly(2,3). In soil, this transformation occurs at an extent >90% (following first-order kinetics), corresponding to a half-life of about 0.06 days(3).","METHAM SODIUM"
"5429","The Henry's Law constant for theobromine is estimated as 1.6X10-11 atm-cu m/mole(SRC) using a fragment constant estimation method(1). This Henry's Law constant indicates that theobromine is expected to be essentially nonvolatile from water surfaces(2). Theobromine is not expected to volatilize from dry soil surfaces(SRC) based upon an estimated vapor pressure of 1.1X10-11 mm Hg(SRC), determined from a fragment constant method(3).","THEOBROMINE"
"5455","The Henry's Law constant for thiram is 3.26X10-7 atm-cu m/mole(1). This Henry's Law constant indicates that thiram is expected to be essentially nonvolatile from moist soil and water surfaces(2). Thiram is not expected to volatilize from dry soil surfaces(SRC) based upon a vapor pressure of 1.72X10-5 mm Hg(1).","THIRAM"
"5569","The Henry's Law constant for trifluralin is 1.03X10-4 atm-cu m/mole(1). This Henry's Law constant indicates that trifluralin is expected to volatilize from water surfaces(2). Based on this Henry's Law constant, the volatilization half-life from a model river (1 m deep, flowing 1 m/sec, wind velocity of 3 m/sec)(2) is estimated as 21 hours(SRC). The volatilization half-life from a model lake (1 m deep, flowing 0.05 m/sec, wind velocity of 0.5 m/sec)(2) is estimated as 12 days(SRC). The volatilization half-life from a model pond is about 30 months when adsorption is considered(3). Trifluralin's Henry's Law constant(1) indicates that volatilization from moist soil surfaces may occur(SRC). In a laboratory study, trifluralin underwent 24% volatilization loss from a Lakeland soil in 3 hours; the rate of volatilization increased with increasing soil moisture(4). Volatilization losses for trifluralin amounted to approx 16% after 32 days in dry soil, approx 28% loss in moist soil and 40% loss in flooded soil(5). In an ecosystem model mimicking a Northern prairie wetland, trifluralin underwent approx 15% loss due to volatilization in 42 days(6). In a laboratory study, trifluralin underwent 5% evaporative losses in 10 days when incorporated to 10 cm depth in soil samples(7). The measured rate for volatilization of trifluralin from nonadsorbent sand was 3 kg/ha/day(8). Experimental volatilization half-lives for trifluralin were reported with a median of 0.82 days(9).","TRIFLURALIN"
"590836","The Henry's Law constant for diisononyl phthalate is estimated as 1.5X10-6 atm-cu m/mole(SRC) derived from its vapor pressure, 5.4X10-7 mm Hg(1), and water solubility, 0.2 mg/L(1). This Henry's Law constant indicates that diisononyl phthalate is expected to volatilize from water surfaces(2). Based on this Henry's Law constant, the volatilization half-life from a model river (1 m deep, flowing 1 m/sec, wind velocity of 3 m/sec)(2) is estimated as 50 days(SRC). The volatilization half-life from a model lake (1 m deep, flowing 0.05 m/sec, wind velocity of 0.5 m/sec)(2) is estimated as 370 days(SRC). However, volatilization from water surfaces is expected to be attenuated by adsorption to suspended solids and sediment in the water column. The estimated volatilization half-life from a model pond is 1640-1670 years if adsorption is considered(3). Diisononyl phthalate is not expected to volatilize from dry soil surfaces(SRC) based upon its vapor pressure(1).","1,2-BENZENEDICARBOXYLIC ACID, DIISONONYL ESTER"
"5943","The Henry's Law constant for carbon tetrachloride is 2.76X10-2 atm-cu m/mole(1). This Henry's Law constant indicates that carbon tetrachloride is expected to volatilize rapidly from water surfaces(2). Based on this Henry's Law constant, the volatilization half-life from a model river (1 m deep, flowing 1 m/sec, wind velocity of 3 m/sec)(2) is estimated as 4 hours(SRC). The volatilization half-life from a model lake (1 m deep, flowing 0.05 m/sec, wind velocity of 0.5 m/sec)(2) is estimated as 5 days(SRC). Measured half-lives of evaporation from water ranges from minutes to hours(3-7). Carbon tetrachloride's Henry's Law constant indicates that volatilization from moist soil surfaces may occur(SRC). Carbon tetrachloride is expected to volatilize from dry soil surfaces(SRC) based upon a vapor pressure of 115 mm Hg(8).","CARBON TETRACHLORIDE"
"5948","Tri-n-butyltin hydride is expected to rapidly dissociate in water to form tri-butyltin cation based upon the moisture sensitivity of the chemical(1,2). Therefore, volatilization of tri-n-butyltin hydride from natural waters is not expected to be a significant process(SRC). In addition, volatilization of tri-butyltin cations from water surfaces will not be important because cations are not expected to volatilize(SRC).","TRIBUTYLTIN"
"6129","The Henry's Law constant for carbaryl is 2.8X10-9 atm-cu m/mole(1). This Henry's Law constant indicates that carbaryl is expected to be essentially nonvolatile from water surfaces(2). Carbaryl's Henry's Law constant indicates that volatilization from moist soil surfaces is not expected to occur(SRC). Carbaryl is not expected to volatilize from dry soil surfaces(SRC) based upon a vapor pressure of 1.36X10-6 mm Hg(3).","CARBARYL"
"6212","The Henry's Law constant for chloroform is 3.67X10-3 atm-cu m/mole(1). This Henry's Law constant indicates that chloroform is expected to volatilize from water surfaces(2). Based on this Henry's Law constant, the volatilization half-life from a model river (1 m deep, flowing 1 m/sec, wind velocity of 3 m/sec)(2) is estimated as 3.5 hours(SRC). The volatilization half-life from a model lake (1 m deep, flowing 0.05 m/sec, wind velocity of 0.5 m/sec)(2) is estimated as 4.4 days(SRC). Three laboratory studies of the evaporation of chloroform from water gave half-lives of 3-5.6 hours with moderate mixing conditions(3-5). Chloroform volatilization constants were estimated in chilled (4 °C) and boiled (100 °C) water to be 0.88/hour and 1.50/hour, respectively(6). Estimated volatilization constants in experiments at 25 and 30 °C ranged from 0.055/hour to 0.411/hour depending on the width and liquid level in the glass(6). Chloroform's Henry's Law constant indicates that volatilization from moist soil surfaces may occur(SRC). Chloroform is expected to volatilize from dry soil surfaces(SRC) based upon a vapor pressure of 197 mm Hg(7).","CHLOROFORM"
"6230","The Henry's Law constant for norethindrone is estimated as 5.8X10-10 atm-cu m/mole(SRC) using a fragment constant estimation method(1). This Henry's Law constant indicates that norethindrone is expected to be essentially nonvolatile from water and moist soil surfaces(2). Norethindrone is not expected to volatilize from dry soil surfaces(SRC) based upon an estimated vapor pressure of 3.1X10-7 mm Hg(SRC), determined from a fragment constant method(3).","NORETHISTERONE"
"6294","The Henry's Law constant for DDD is 6.6X10-6 atm-cu m/mole(1). This Henry's Law constant indicates that DDD is expected to volatilize from water surfaces(2). Estimated volatilization half-lives for a model river and model lake are 10 days and 79 days, respectively(2). However, volatilization from water surfaces is expected to be attenuated by adsorption to suspended solids and sediment in the water column. The estimated volatilization half-life from a model pond is 134 years if adsorption is considered(3). DDD's Henry's Law constant indicates that volatilization from moist soil surfaces may occur(SRC). DDD is not expected to volatilize from dry soil surfaces(SRC) based upon a vapor pressure of 1.35X10-6 mm Hg(4).","DDD"
"6344","The Henry's Law constant for dichloromethane is 3.25X10-3 atm-cu m/mole(1). This Henry's Law constant indicates that dichloromethane is expected to volatilize rapidly from water surfaces(2). Based on this Henry's Law constant, the volatilization half-life from a model river (1 m deep, flowing 1 m/sec, wind velocity of 3 m/sec)(2) is estimated as 2.9 hours(SRC). The volatilization half-life from a model lake (1 m deep, flowing 0.05 m/sec, wind velocity of 0.5 m/sec)(2) is estimated as 3.7 days(SRC). Half-lives for the evaporation from water of 3-5.6 hours have been determined at moderate mixing conditions(4). When released into an estuarine bay, all the chemical dissipated within 4 km of the release point in the spring and within 8 km in the winter under ice(5). Dichloromethane's Henry's Law constant(1) indicates that volatilization from moist soil surfaces may occur(SRC). Dichloromethane is expected to volatilize from dry soil surfaces(SRC) based upon a vapor pressure of 435 mm Hg at 25 °C(3).","DICHLOROMETHANE"
"6348","The Henry's Law constant for carbon disulfide is 1.44X10-2 atm-cu m/mole at 24 °C(1). This Henry's Law constant indicates that carbon disulfide is expected to volatilize rapidly from water surfaces(2). Based on this Henry's Law constant, the estimated volatilization half-life from a model river (1 m deep, flowing 1 m/sec, wind velocity of 3 m/sec) (2) is approximately 2.6 hours(SRC). The estimated volatilization half-life from a model lake (1 m deep, flowing 0.05 m/sec, wind velocity of 0.5 m/sec) (2)is approximately 3.5 days(SRC). Carbon disulfide's Henry's Law constant(1) indicates that volatilization from moist soil surfaces is expected to occur(SRC). The potential for volatilization of carbon disulfide from dry soil surfaces may exist(SRC) based upon the vapor pressure of 359 mm Hg(3).","CARBON DISULFIDE"
"6358","The Henry's Law constant for isopropyl bromide is estimated as 0.011 atm-cu m/mole(SRC) derived from its extrapolated vapor pressure, 216 mm Hg(1), and water solubility, 3180 mg/L(2). This Henry's Law constant indicates that isopropyl bromide is expected to volatilize rapidly from water surfaces(3). Based on this Henry's Law constant, the volatilization half-life from a model river (1 m deep, flowing 1 m/sec, wind velocity of 3 m/sec)(3) is estimated as 1 hour(SRC). The volatilization half-life from a model lake (1 m deep, flowing 0.05 m/sec, wind velocity of 0.5 m/sec)(3) is estimated as 4 days(SRC). Isopropyl bromide's estimated Henry's Law constant indicates that volatilization from moist soil surfaces may occur(SRC). The potential for volatilization of isopropyl bromide from dry soil surfaces may exist(SRC) based upon its extrapolated vapor pressure(1).","2-BROMOPROPANE"
"6372","The Henry's Law constant for chlorodifluoromethane is 4.06X10-2 atm-cu m/mole(1). This Henry's Law constant indicates that chlorodifluoromethane is expected to volatilize rapidly from water surfaces(2). Based on this Henry's Law constant, the volatilization half-life from a model river (1 m deep, flowing 1 m/sec, wind velocity of 3 m/sec)(2) is estimated as 2.7 hours(SRC). The volatilization half-life from a model lake (1 m deep, flowing 0.05 m/sec, wind velocity of 0.5 m/sec)(2) is estimated as 3.7 days(SRC). Chlorodifluoromethane's Henry's Law constant indicates that volatilization from moist soil surfaces may occur(SRC). Chlorodifluoromethane is expected to volatilize from dry soil surfaces(SRC) based upon a vapor pressure of 7.25X10+3 mm Hg(3).","CHLORODIFLUOROMETHANE"
"6406","The Henry's Law constant for acetone cyanohydrin is estimated as 1.23X10-7 atm-cu m/mole(SRC) derived from its vapor pressure, 1.1 mm Hg at 25 °C(1), and assigned value for water solubility of 1X10+6 mg/L (miscible)(2). This Henry's Law constant indicates that acetone cyanohydrin is expected to be essentially nonvolatile from water surfaces(3). In addition, a hydrolysis rate of 4.47 1/hr (half-life 9 minutes) at pH 7.02 at 26 °C(4) indicates that volatilization from water is unlikely to occur. Acetone cyanohydrin is expected to volatilize from dry soil surfaces(SRC) based upon its vapor pressure(1).","2-METHYLLACTONITRILE"
"6564","The Henry's Law constant for 1,2-dichloropropane is 2.82X10-3 atm-cu m/mole(1). This Henry's Law constant indicates that 1,2-dichloropropane is expected to volatilize from water surfaces(2). Based on this Henry's Law constant, the volatilization half-life from a model river (1 m deep, flowing 1 m/sec, wind velocity of 3 m/sec)(2) is estimated as 3 hours(SRC). The volatilization half-life from a model lake (1 m deep, flowing 0.05 m/sec, wind velocity of 0.5 m/sec)(2) is estimated as 4 days(SRC). 1,2-Dichloropropane's Henry's Law constant indicates that volatilization from moist soil surfaces may occur(SRC). The potential for volatilization of 1,2-dichloropropane from dry soil surfaces may exist(SRC) based upon a vapor pressure of 53.3 mm Hg(3). The mean half-life of 1,2-dichloropropane in dissipation studies using soils not previously fumigated with D-D was 52 days(4). The rate changed by a factor of approximately 2 for every 10 °C change in the environmentally important range of 2 °C to 20 °C(4).","1,2-DICHLOROPROPANE"
"657298","The Henry's Law constant for propyl thiouracil is estimated as 1.1X10-9 atm-cu m/mole(SRC) using a fragment constant estimation method(1). This Henry's Law constant indicates that propyl thiouracil is expected to be essentially nonvolatile from water surfaces(2). Propyl thiouracil's Henry's Law constant indicates that volatilization from moist soil surfaces is not expected(SRC). Propyl thiouracil is not expected to volatilize from dry soil surfaces(SRC) based upon an estimated vapor pressure of 6.9X10-8 mm Hg(SRC), determined from a fragment constant method(3).","PROPYLTHIOURACIL"
"6575","The Henry's Law constant for trichloroethylene is 9.85X10-3 atm-cu m/mole at 25 °C(1). This Henry's Law constant indicates that trichloroethylene is expected to volatilize rapidly from water surfaces(2). Based on this Henry's Law constant, the volatilization half-life from a model river (1 m deep, flowing 1 m/sec, wind velocity of 3 m/sec)(2) is estimated as 3.5 hours(SRC). The volatilization half-life from a model lake (1 m deep, flowing 0.05 m/sec, wind velocity of 0.5 m/sec)(2) is estimated as 4.6 days(SRC). Half-lives of evaporation from laboratory water surfaces (distilled water) have been reported to be on the order of several minutes to hours, depending upon the turbulence(2-3). Half-lives of trichloroethylene from an experimental marine ecosystem (MERL) under field conditions and during periods when volatilization appeared to dominate ranged from 10.7 to 28 days; turbulence is expected to be greater in open water resulting in even faster half-lives(4). Trichloroethylene's Henry's Law constant indicates that volatilization from moist soil surfaces is expected to occur(SRC). Trichloroethylene is expected to volatilize from dry soil surfaces(SRC) based upon a vapor pressure of 69 mm Hg(5). The evaporation rate of trichloroethylene from a liquid pool (75x20x5 mm) at 27 °C was 1.80 mmol/sq m/sec (ethanol was 3.00 mmol/sq m/sec)(6)..
The transport behavior of trichloroethylene vapor in a section of unsaturated sands and silts at a field site in Borden, Ontario was studied(1). Movement of trichloroethylene vapor through unsaturated layers was shown to be lateral based on the density-induced advective flow of the contaminated soil gas(1). Gas-phase diffusion coefficients for trichloroethylene in turf soils with varying moisture content were measured(2). Under wet conditions (12-15% moisture), diffusion coefficients of 0.0022-0.0067 and 0.0067-0.0070 sq cm/sec were determined for trichloroethylene; under dry conditions (1-3% moisture), diffusion coefficients of 0.0211-0.0230 and 0.0237-0.0292 sq cm/sec were determined(2). Soil diffusion coefficients were measured for trichloroethylene at 3 different soil porosities (0.29 to 0.43); values ranged from 0.254X10-3 to 1.986X10-3 sq cm/sec, with the larger values associated with higher soil porosity levels(3). The total amount of trichloroethylene that volatilizes in 100 days may be reduced from 84.6% volatilized without vapor sorption to 73.2% in a soil with increasing water content with depth, based on a flexible finite element transport model(4). Using the same model, vapor sorption enhanced the rate of volatilization in 100 days for a soil with low water content at depth from 72.4% without vapor sorption to 90.3% with vapor sorption(4). Very dry soil conditions combined with a soil type having strong vapor sorption characteristics may significantly retard the transport of trichloroethylene in the vapor phase(4).","TRICHLOROETHYLENE"
"6618","The Henry's Law constant for 2,2',6,6'-tetrabromobisphenol A is estimated as 2.0X10-8 atm-cu m/mole(SRC) derived from its vapor pressure, 4.68X10-8 mm Hg(1), and water solubility, 0.171 mg/L(2). This Henry's Law constant indicates that 2,2',6,6'-tetrabromobisphenol A is expected to be essentially nonvolatile from water surfaces(3). 2,2',6,6'-Tetrabromobisphenol A's estimated Henry's Law constant indicates that volatilization from moist soil surfaces is not expected to occur(SRC). 2,2',6,6'-Tetrabromobisphenol A is not expected to volatilize from dry soil surfaces based upon its vapor pressure(SRC).","2,2',6,6'-TETRABROMO-4,4'-ISOPROPYLIDENEDIPHENOL"
"6623","The Henry's Law constant for bisphenol A is estimated as 4.0X10-11 atm-cu m/mole(SRC) derived from its vapor pressure, 4.0X10-8 mm Hg(1), and water solubility, 300 mg/L(1). This Henry's Law constant indicates that bisphenol A is expected to be essentially nonvolatile from water and moist soil surfaces(2). Bisphenol A is not expected to volatilize from dry soil surfaces(SRC) based upon its vapor pressure(1).","4,4'-ISOPROPYLIDENEDIPHENOL"
"6643","The Henry's Law constant for 4-(1,1-dimethylpropyl)phenol is estimated as 2.0X10-6 atm-cu m/mole(SRC) derived from its vapor pressure, 2.00X10-3 mm Hg(1), and water solubility, 1.68X10+2 mg/L(2). This Henry's Law constant indicates that 4-(1,1-dimethylpropyl)phenol is expected to volatilize from water surfaces(3). Based on this Henry's Law constant, the volatilization half-life from a model river (1 m deep, flowing 1 m/sec, wind velocity of 3 m/sec)(3) is estimated as 18 days(SRC). The volatilization half-life from a model lake (1 m deep, flowing 0.05 m/sec, wind velocity of 0.5 m/sec)(3) is estimated as 140 days(SRC). However, volatilization from water surfaces is expected to be attenuated by adsorption to suspended solids and sediment in the water column. The estimated volatilization half-life from a model pond is 87 months if adsorption is considered(4). 4-(1,1-Dimethylpropyl)phenol's estimated Henry's Law constant indicates that volatilization from moist soil surfaces may occur(SRC). 4-(1,1-Dimethylpropyl)phenol is not expected to volatilize from dry soil surfaces(SRC) based upon its vapor pressure(1).","P-TERT-AMYLPHENOL"
"667493","Due to a lack of data, the tendency for methylthiouracil to volatilize from water and moist near-surface soil cannot be estimated(SRC). Based upon a report that the compound readily sublimes(1), however, loss of methylthiouracil from surfaces and dry near-surface soil may occur via sublimation(SRC).","METHYLTHIOURACIL"
"6720","The Henry's Law constant for pentachloronitrobenzene is estimated as 4.4X10-5 atm-cu m/mole(SRC) derived from its vapor pressure, 5.0X10-5 mm Hg(1), and water solubility, 0.44 mg/L(2). This Henry's Law constant indicates that pentachloronitrobenzene is expected to volatilize from water surfaces(3). Based on this Henry's Law constant, the volatilization half-life from a model river (1 m deep, flowing 1 m/sec, wind velocity of 3 m/sec)(3) is estimated as 39 hours(SRC). The volatilization half-life from a model lake (1 m deep, flowing 0.05 m/sec, wind velocity of 0.5 m/sec)(3) is estimated as 17 days(SRC). However, volatilization from water surfaces is expected to be attenuated by adsorption to suspended solids and sediment in the water column. The estimated volatilization half-life from a model pond is 44 months if adsorption is considered(4). Pentachloronitrobenzene's estimated Henry's Law constant indicates that volatilization from moist soil surfaces may occur(SRC). Pentachloronitrobenzene is not expected to volatilize from dry soil surfaces(SRC) based upon its vapor pressure(1).","QUINTOZENE"
"6777","The Henry's Law constant for dicyclohexyl phthalate is estimated as 1.0X10-7 atm-cu m/mole(SRC) derived from its vapor pressure, 8.69X10-7 mm Hg(1), and water solubility, 4.0 mg/L(2). This Henry's Law constant indicates that dicyclohexyl phthalate is expected to be essentially nonvolatile from moist soil and water surfaces(3). Dicyclohexyl phthalate is not expected to volatilize from dry soil surfaces(SRC) based upon its vapor pressure(1).","1,2-BENZENEDICARBOXYLIC ACID, DICYCLOHEXYL ESTER"
"6781","The Henry's Law constant for diethyl phthalate is estimated as 6.1X10-7 atm-cu m/mole(SRC) derived from its vapor pressure, 2.1X10-3 mm Hg(1), and water solubility, 1,080 mg/L(2). This Henry's Law constant indicates that diethyl phthalate is expected to be essentially nonvolatile from water surfaces(3). Diethyl phthalate is not expected to volatilize from dry soil surfaces(SRC) based upon its vapor pressure(1).","DIETHYL PHTHALATE"
"6786","The Henry's Law constant for dihexyl phthalate is estimated as 2.6X10-5 atm-cu m/mole(SRC) derived from its vapor pressure, 1.4X10-5 mm Hg(1), and water solubility, 0.05 mg/L(2). This Henry's Law constant indicates that dihexyl phthalate is expected to volatilize from water surfaces(3). Based on this Henry's Law constant, the volatilization half-life from a model river (1 m deep, flowing 1 m/sec, wind velocity of 3 m/sec)(3) is estimated as 2.8 days(SRC). The volatilization half-life from a model lake (1 m deep, flowing 0.05 m/sec, wind velocity of 0.5 m/sec)(3) is estimated as 26 days(SRC). However, volatilization from water surfaces is expected to be attenuated by adsorption to suspended solids and sediment in the water column.  The estimated volatilization half-life from a model pond is 15 years if adsorption is considered(4). Dihexyl phthalate's estimated Henry's Law constant indicates that volatilization from moist soil surfaces may occur(SRC). Dihexyl phthalate is not expected to volatilize from dry soil surfaces(SRC) based upon its vapor pressure(1).","DI-N-HEXYLPHTHALATE"
"6901","The Henry's Law constant for hexachloro-1,3-butadiene is 1.03X10-2 atm-cu m/mole(1). This Henry's Law constant indicates that hexachloro-1,3-butadiene is expected to volatilize rapidly from water surfaces(2). Based on this Henry's Law constant, the volatilization half-life from a model river (1 m deep, flowing 1 m/sec, wind velocity of 3 m/sec)(2) is estimated as 1.7 hours(SRC). The volatilization half-life from a model lake (1 m deep, flowing 0.05 m/sec, wind velocity of 0.5 m/sec)(2) is estimated as 6.4 days(SRC). However, volatilization from water surfaces is expected to be attenuated by adsorption to suspended solids and sediment in the water column(SRC). The estimated volatilization half-life from a model pond is 201 days if adsorption is considered(3). Hexachloro-1,3-butadiene's Henry's Law constant(1) indicates that volatilization from moist soil surfaces may occur(SRC). One day and 1 month after a spring application of 250 kg hexachloro-1,3-butadiene/ha in a vineyard, the air contained 0.08 and 0.003 mg hexachloro-1,3-butadiene/cu m, respectively(4). After an application of 150 kg, corresponding values were 0.06 and 0.001 mg/ha, respectively(4). Hexachloro-1,3-butadiene vaporization from light (silty) soils was more rapid than from heavy (clayey) soils(4). Raising temperatures from 13 to 18 deg hastened hexachloro-1,3-butadiene vaporization 5-fold in static conditions, and its application on granulated superphosphate decreased vaporization in comparison with liquid application(4).","HEXACHLORO-1,3-BUTADIENE"
"6945","The Henry's Law constant for 1-chloro-2-nitrobenzene is 9.3X10-6 atm-cu m/mole(1). This Henry's Law constant indicates that 1-chloro-2-nitrobenzene is expected to volatilize from water surfaces(2). Based on this Henry's Law constant, the volatilization half-life from a model river (1 m deep, flowing 1 m/sec, wind velocity of 3 m/sec)(2) is estimated as 80 hours(SRC). The volatilization half-life from a model lake (1 m deep, flowing 0.05 m/sec, wind velocity of 0.5 m/sec)(2) is estimated as 40 days(SRC). 1-Chloro-2-nitrobenzene 's Henry's Law constant indicates that volatilization from moist soil surfaces may occur(SRC). 1-Chloro-2-nitrobenzene is not expected to volatilize from dry soil surfaces(SRC) based upon a vapor pressure of 0.018 mm Hg(3) at 25 °C(3).","1-CHLORO-2-NITROBENZENE"
"702","The Henry's Law constant for ethanol is 5.0X10-6 atm-cu m/mole(1). This Henry's Law constant indicates that ethanol is expected to volatilize from water surfaces(2). Based on this Henry's Law constant, the volatilization half-life from a model river (1 m deep, flowing 1 m/sec, wind velocity of 3 m/sec)(2) is estimated as 5 days(SRC). The volatilization half-life from a model lake (1 m deep, flowing 0.05 m/sec, wind velocity of 0.5 m/sec)(2) is estimated as 39 days(SRC). Ethanol's Henry's Law constant indicates that volatilization from moist soil surfaces may occur(SRC). Ethanol is expected to volatilize from dry soil surfaces(SRC) based upon an extrapolated vapor pressure of 59.3 mm Hg(3).","ETHANOL"
"7239","The Henry's Law constant for 1,2-dichlorobenzene is 1.5X10-3 atm-cu m/mole at 20 °C(1). This value indicates that 1,2-dichlorobenzene will volatilize from water(2). Based on this Henry's Law constant, the volatilization half-life from a model river (1 m deep, flowing 1 m/sec, wind velocity of 3 m/sec)(2) is estimated as approximately 4 hours(SRC). The volatilization half-life from a model lake (1 m deep, flowing 0.05 m/sec, wind velocity of 0.5 m/sec)(2) is estimated as approximately 120 hours(SRC). 1,2-Dichlorobenzene's Henry's Law constant(1) indicates that volatilization from moist soil surfaces is expected. 1,2-Dichlorobenzene is expected to volatilize from dry soil surfaces(SRC) based on a vapor pressure of 1.4 mm Hg at 25 °C(3). The volatilization half-life of 1,2-dichlorobenzene from Captina and McLaurin sandy loam soils was measured as about 4 days(4).","1,2-DICHLOROBENZENE"
"7240","The Henry's Law constant for 2-chloroaniline is estimated as 5.4X10-6 atm-cu m/mole(SRC) derived from its vapor pressure, 0.20 mm Hg(1), and water solubility, 8.2X10+3 mg/L(2). This Henry's Law constant indicates that 2-chloroaniline is expected to volatilize from water surfaces(3). Based on this Henry's Law constant, the volatilization half-life from a model river (1 m deep, flowing 1 m/sec, wind velocity of 3 m/sec)(3) is estimated as 7.8 days(SRC). The volatilization half-life from a model lake (1 m deep, flowing 0.05 m/sec, wind velocity of 0.5 m/sec)(3) is estimated as 60 days(SRC). 2-Chloroaniline's estimated Henry's Law constant indicates that volatilization from moist soil surfaces may occur(SRC). 2-Chloroaniline is not expected to volatilize from dry soil surfaces(SRC) based upon its vapor pressure of 0.20 mm Hg(1).","1-AMINO-2-CHLOROBENZENE"
"7257","The Henry's Law constant for 3,4-dichloroaniline is estimated as 1.46X10-5 atm-cu m/mole(SRC) from its experimental values for vapor pressure, 6.32X10-3 mm Hg(1), and water solubility, 92 mg/l(2). This Henry's Law constant indicates that 3,4-dichloroaniline is expected to volatilize from water surfaces(3). Based on this Henry's Law constant, the volatilization half-life from a model river (1 m deep, flowing 1 m/sec, wind velocity of 3 m/sec)(3) is estimated as approximately 80 hours(SRC). The volatilization half-life from a model lake (1 m deep, flowing 0.05 m/sec, wind velocity of 0.5 m/sec)(3) is estimated as approximately 28 days(SRC). However, this model underestimates the volatilization half-life of 3,4-dichloroaniline since it does not take into account the effects of adsorption. The Koc value of 195(2) suggests that volatilization could be attenuated by adsorption to suspended solids and sediments in water(SRC). This is apparent from the results of two EXAMS model runs, one in which the effect of adsorption was considered (half-life = 56 days in a model pond) and one in which adsorption was ignored (half-life = 36 days in a model pond)(4). 3,4-Dichloroaniline's estimated Henry's Law constant(1,2) indicates that volatilization from moist soil surfaces may occur(SRC). 3,4-Dichloroaniline is not expected to volatilize from dry soil surfaces(SRC) based upon a vapor pressure of 6.32X10-3 mm Hg(1).","1-AMINO-3,4-DICHLOROBENZENE"
"7280","The Henry's Law constant for 1,2-dibromo-3-chloropropane is estimated as 1.5X10-4 atm-cu m/mole(SRC) from its experimental values for vapor pressure, 0.58 mm Hg(1), and water solubility, 1230 mg/l(1). This value indicates that 1,2-dibromo-3-chloropropane will volatilize from water surfaces(2,SRC). Based on this Henry's Law constant, the volatilization half-life from a model river (1 m deep, flowing 1 m/sec, wind velocity of 3 m/sec) is estimated as approximately 14 hours(2,SRC). The volatilization half-life from a model lake (1 m deep, flowing 0.05 m/sec, wind velocity of 0.5 m/sec) is estimated as approximately 9 days(2,SRC). 1,2-Dibromo-3-chloropropane's values for vapor pressure(1) and Henry's Law constant(1,SRC) indicate that volatilization from dry and moist soil surfaces may occur(SRC)..
The volatilization half-life of 1,2-dibromo-3-chloropropane was estimated to be 1.2 days in a model soil assumed to contain 1,2-dibromo-3-chloropropane evenly distributed within the first 10 cm(1). Volatilization rates of 1,2-dibromo-3-chloropropane were higher from sand (0.8% organic matter, pH= 7.2) and silt loam(0.5% organic matter, pH= 8.4) than from clay loam(1.6% organic matter, pH= 7.8), possibly due to decreased adsorption processes(2). Volatilization losses to the atmosphere accounted for at least 85% of the 1,2-dibromo-3-chloropropane lost over 42 days during experiments meant to mimic citrus irrigation practices(water applications were performed cyclically)(3). Losses of 1,2-dibromo-3-chloropropane due to volatilization were significantly reduced by the application of water immediately following the introduction of this compound to soil(3). In other experiments, air levels of 1,2-dibromo-3-chloropropane 4 feet above shank-injection-treated soil rarely exceeded 1 ppb beyond 1 day post treatment(4). During water-run treatments, air concentrations 4 feet above the surface did not exceed 300 ppb for more than a few hours during application(4).","1,2-DIBROMO-3-CHLOROPROPANE (DBCP)"
"7393","The Henry's Law constant for p-tert-butylphenol has been measured as 1.19X10-6 atm-cu m/mole(1). This Henry's Law constant indicates that p-tert-butylphenol is expected to volatilize from water surfaces(2). Based on this Henry's Law constant, the volatilization half-life from a model river (1 m deep, flowing 1 m/sec, wind velocity of 3 m/sec)(2) is estimated as 38 days(SRC). The volatilization half-life from a model lake (1 m deep, flowing 0.05 m/sec, wind velocity of 0.5 m/sec)(2) is estimated as 279 days(SRC). p-tert-Butylphenol's Henry's Law constant indicates that volatilization from moist soil surfaces may occur(SRC). p-tert-butylphenol is not expected to volatilize from dry soil surfaces(SRC) based upon a vapor pressure of 0.00919 mm Hg(3).","1-HYDROXY-4-TERT-BUTYLBENZENE"
"7473","The Henry's Law constant for 4-nitrotoluene is 5.63X10-6 atm-cu m/mole(1). This Henry's Law constant indicates that 4-nitrotoluene is expected to volatilize from water surfaces(2). Based on this Henry's Law constant, the volatilization half-life from a model river (1 m deep, flowing 1 m/sec, wind velocity of 3 m/sec)(2) is estimated as 7.8 days(SRC). The volatilization half-life from a model lake (1 m deep, flowing 0.05 m/sec, wind velocity of 0.5 m/sec)(2) is estimated as 60 days(SRC). 4-Nitrotoluene's Henry's Law constant indicates that volatilization from moist soil surfaces may occur(SRC). 4-Nitrotoluene is not expected to volatilize from dry soil surfaces(SRC) based upon an extrapolated vapor pressure of 0.0157 mm Hg at 25 °C(3).","1-METHYL-4-NITROBENZENE"
"7500","The Henry's Law constant for ethylbenzene is 7.88X10-3 atm-cu m/mole(1). This Henry's Law constant indicates that ethylbenzene is expected to volatilize rapidly from water surfaces(2). Based on this Henry's Law constant, the volatilization half-life from a model river (1 m deep, flowing 1 m/sec, wind velocity of 3 m/sec)(2) is estimated as 3.1 hours(SRC). The volatilization half-life from a model lake (1 m deep, flowing 0.05 m/sec, wind velocity of 0.5 m/sec)(2) is estimated as 4.1 days(SRC). Ethylbenzene's Henry's Law constant(1) indicates that volatilization from moist soil surfaces may occur(SRC). Ethylbenzene is expected to volatilize from dry soil surfaces(SRC) based upon a vapor pressure of 9.6 mm Hg(3).","ETHYLBENZENE"
"7501","The Henry's Law constant for styrene is estimated as 2.75X10-3 atm-cu m/mole(1). This Henry's Law constant indicates that styrene is expected to volatilize from water surfaces(2). Based on this Henry's Law constant, the volatilization half-life from a model river (1 m deep, flowing 1 m/sec, wind velocity of 3 m/sec)(2) is estimated as 3 hours(SRC). The volatilization half-life from a model lake (1 m deep, flowing 0.05 m/sec, wind velocity of 0.5 m/sec)(2) is estimated as 4 days(SRC). Styrene's Henry's Law constant indicates that volatilization from moist soil surfaces may occur(SRC). The potential for volatilization of styrene from dry soil surfaces may exist(SRC) based upon a vapor pressure of 6.4 mm Hg(3). Under laboratory conditions, 50% of 2 to 10 mg styrene per liter (depth not specified) was lost by volatilization in 1 to 3 hrs in lake water samples and in 6 to 7 hrs in distilled water, respectively(4). In other studies, the level of styrene in water samples fell from 23 to 3.3 and 0.4 mg/L in 2 hrs and 7 days, respectively, and from 46 to 12.5 and 1.5 mg/L in 2 hrs and 10 days, respectively; these findings are relevant to surface waters but not to deeper waters(5). The volatilization half-life of styrene in Rhine River water was 14 days(6). Volatilization of styrene from moist soil surfaces is expected to be slower than in water(5). Samples at 1.5 cm deep of a loamy soil, 26% of 2 mg/kg styrene added volatilized in 31 days(4). The transfer to the air was even slower and less extensive from deep soil(5).","STYRENE"
"7579","The Henry's Law constant for bis(4-aminophenyl) ether is estimated as 1.5X10-11 atm-cu m/mole(SRC) using a fragment constant estimation method(1). This Henry's Law constant indicates that bis(4-aminophenyl) ether is expected to be essentially nonvolatile from water surfaces(2). bis(4-Aminophenyl) ether is not expected to volatilize from dry soil surfaces(SRC) based upon an estimated vapor pressure of 2.5X10-6 mm Hg(SRC), determined from a fragment constant method(3).","4,4'-DIAMINODIPHENYL ETHER"
"7641","The Henry's Law constant for bis(2-ethylhexyl) adipate is 4.34X10-7 atm-cu m/mole(1). This Henry's Law constant indicates that bis(2-ethylhexyl) adipate is not expected to volatilize from water surfaces(2). Bis(2-ethylhexyl) adipate's Henry's Law constant(4) indicates that volatilization from moist soil surfaces is not expected to occur(SRC). Bis(2-ethylhexyl) adipate is not expected to volatilize from dry soil surfaces(SRC) based upon a vapor pressure of 8.5X10-7 mm Hg(1).","BIS(2-ETHYLHEXYL) ADIPATE"
"768","Volatilization is expected to be the dominant fate process for hydrogen cyanide(1). A pKa of 9.2(2) indicates hydrogen cyanide will exist partially in the anion form at pH values of 5 to 9(SRC). At pH <9.2, most of the free cyanide should exist as hydrogen cyanide, a volatile form of cyanide. Wide variations in the rate of volatilization are expected since this process is affected by a number of parameters including temperature, pH, wind speed, and cyanide concentration(1). The Henry's Law constant for the neutral species is 1.33X10-4 atm-cu m/mole(3). This Henry's Law constant indicates that hydrogen cyanide is expected to volatilize from water surfaces(4). Based on this Henry's Law constant, the volatilization half-life from a model river (1 m deep, flowing 1 m/sec, wind velocity of 3 m/sec)(4) is estimated as 5 hours(SRC). The volatilization half-life from a model lake (1 m deep, flowing 0.05 m/sec, wind velocity of 0.5 m/sec)(4) is estimated as 3 days(SRC). Hydrogen cyanide's Henry's Law constant indicates that volatilization from moist soil surfaces may occur(SRC). Hydrogen cyanide is expected to volatilize from dry soil surfaces(SRC) based upon a vapor pressure of 742 mm Hg(5).","HYDROGEN CYANIDE"
"7693","Isocyanates hydrolyze readily in water(1). Therefore, adsorption to sediments and volatilization of 4-chlorophenyl isocyanate from water and moist soil are not expected to be an important environmental fate process(SRC). 4-Chlorophenyl isocyanate is expected to volatilize from dry soil surfaces(SRC) based upon a vapor pressure of 0.194 mm Hg(2).","P-CHLOROPHENYL ISOCYANATE"
"7835","The Henry's Law constant for epichlorohydrin is estimated as 3.0X10-5 atm-cu m/mole(SRC) from its vapor pressure, 16.4 mm Hg(1), and water solubility, 65,900 mg/L(2). This Henry's Law constant indicates that epichlorohydrin is expected to volatilize from water surfaces(3). Based on this Henry's Law constant, the volatilization half-life from a model river (1 m deep, flowing 1 m/sec, wind velocity of 3 m/sec)(3) is estimated as 19 hours(SRC). The volatilization half-life from a model lake (1 m deep, flowing 0.05 m/sec, wind velocity of 0.5 m/sec)(3) is estimated as 12 days(SRC). However, this process may be superceded by rapid hydrolysis(4). Epichlorohydrin's estimated Henry's Law constant indicates that volatilization from moist soil surfaces is expected to be an important fate process(SRC). Epichlorohydrin is expected to volatilize from dry soil surfaces(SRC) based upon its vapor pressure(1).","EPICHLOROHYDRIN"
"7839","The Henry's Law constant for ethylene dibromide was experimentally determined to be 6.50X10-4 atm-cu m/mole at 25 °C(1). This Henry's Law constant indicates that ethylene dibromide is expected to volatilize from water surfaces(2). Based on this Henry's Law constant, the volatilization half-life from a model river (1 m deep, flowing 1 m/sec, wind velocity of 3 m/sec)(2) is estimated as 5.9 hours(SRC). The volatilization half-life from a model lake (1 m deep, flowing 0.05 m/sec, wind velocity of 0.5 m/sec)(2) is estimated as 6 days. Experiments performed in a wind-wave tank yielded a half-life for evaporation of 4.26 hr from water 1 m deep with a wind speed of 8.6 m/sec(3). Ethylene bromide's Henry's Law constant indicates that volatilization from moist soil surfaces may occur(SRC). Ethylene dibromide is expected to volatilize from dry soil surfaces(SRC) based upon a vapor pressure of 11.2 mm Hg at 25 °C(4).","1,2-DIBROMOETHANE"
"8019","The Henry's Law constant for 2-methoxyethanol is 3.30X10-7 atm-cu m/mole(1). This Henry's Law constant indicates that 2-methoxyethanol is expected to volatilize slowly from water surfaces(2). Based on this Henry's Law constant, the volatilization half-life from a model river (1 m deep, flowing 1 m/sec, wind velocity of 3 m/sec)(2) is estimated as 96.84 days(SRC). The volatilization half-life from a model lake (1 m deep, flowing 0.05 m/sec, wind velocity of 0.5 m/sec)(2) is estimated as 707 days(SRC) 2-Methoxyethanol's Henry's Law constant indicates that volatilization from moist soil surfaces may occur(2). 2-Methoxyethanol is expected to volatilize from dry soil surfaces(SRC) based upon a vapor pressure of 9.5 mm Hg(3).","ETHYLENE GLYCOL MONOMETHYL ETHER"
"8028","The Henry's Law constant for tetrahydrofuran is 7.05X10-5 atm-cu m/mole(1). This Henry's Law constant indicates that tetrahydrofuran is expected to volatilize from water surfaces(2). Based on this Henry's Law constant, the volatilization half-life from a model river (1 m deep, flowing 1 m/sec, wind velocity of 3 m/sec)(2) is estimated as 13 hours(SRC). The volatilization half-life from a model lake (1 m deep, flowing 0.05 m/sec, wind velocity of 0.5 m/sec)(2) is estimated as 6.6 days(SRC). Tetrahydrofuran's Henry's Law constant indicates that volatilization from moist soil surfaces may occur(SRC). Tetrahydrofuran is expected to volatilize from dry soil surfaces(SRC) based upon a vapor pressure of 162 mm Hg(3).","TETRAHYDROFURAN"
"8030","The Henry's Law constant for thiophene is estimated as 2.9X10-3 atm-cu m/mole(SRC) from its experimental value for vapor pressure, 79.7 mm Hg(1), and experimental water solubility, 3,020 mg/l(2). This value indicates that thiophene will volatilize from water surfaces(3,SRC). Based on this Henry's Law constant, the volatilization half-life from a model river (1 m deep, flowing 1 m/sec, wind velocity of 3 m/sec) is estimated as approximately 3 hours(3,SRC). The volatilization half-life from a model lake (1 m deep, flowing 0.05 m/sec, wind velocity of 0.5 m/sec) is estimated as approximately 89 hours(3,SRC). Thiophene's Henry's Law constant(SRC) and vapor pressure indicates that volatilization from moist and dry soil surfaces is important(SRC).","THIOPHENE"
"8076","The Henry's Law constant for ethylene glycol monoethyl ether is 4.7X10-7 atm-cu m/mole(SRC) using a fragment constant estimation method(1). This Henry's Law constant indicates that ethylene glycol monoethyl ether is expected to volatilize from water surfaces(2). Based on this Henry's Law constant, the volatilization half-life from a model river (1 m deep, flowing 1 m/sec, wind velocity of 3 m/sec)(2) is estimated as 74 days(SRC). The volatilization half-life from a model lake (1 m deep, flowing 0.05 m/sec, wind velocity of 0.5 m/sec)(2) is estimated as 540 days(SRC). Ethylene glycol monoethyl ether's Henry's Law constant indicates that volatilization from moist soil surfaces may occur(SRC). Ethylene glycol monoethyl ether is expected to volatilize from dry soil surfaces(SRC) based upon a vapor pressure of 5.31 mm Hg(3).","ETHYLENE GLYCOL MONOETHYL ETHER"
"8133","The Henry's Law constant for ethylene glycol mono-n-butyl ether is 1.6X10-6 atm-cu m/mole(1). This Henry's Law constant indicates that ethylene glycol mono-n-butyl ether may volatilize from water surfaces(2). Based on this Henry's Law constant, the volatilization half-life from a model river (1 m deep, flowing 1 m/sec, wind velocity of 3 m/sec)(2) is estimated as 17 days(SRC). The volatilization half-life from a model lake (1 m deep, flowing 0.05 m/sec, wind velocity of 0.5 m/sec)(2) is estimated as 185 days(SRC). The Henry's law constant of ethylene glycol mono-n-butyl ether indicates that volatilization from moist soil surfaces may occur(SRC). Ethylene glycol mono-n-butyl ether is not expected to volatilize from dry soil surfaces(SRC) based upon a vapor pressure of 0.88 mm Hg(3).","ETHYLENE GLYCOL MONOBUTYL ETHER"
"8134","The Henry's Law constant for diethylene glycol monomethyl ether is estimated as 1.6X10-11 atm-cu m/mole(SRC) using a fragment constant estimation method(1). This Henry's Law constant indicates that diethylene glycol monomethyl ether is expected to be essentially nonvolatile from moist soil and water surfaces(2). Diethylene glycol monomethyl ether is not expected to volatilize from dry soil surfaces(SRC) based upon a vapor pressure of 0.25 mm Hg(3).","DIETHYLENE GLYCOL MONOMETHYL ETHER"
"8268","The Henry's Law constant for dicofol is 2.4X10-7 atm-cu m/mole(SRC), derived from its vapor pressure, 3.98X10-7 mm Hg(1), and water solubility, 0.8 mg/L(1). This Henry's Law constant indicates that dicofol is expected to be essentially nonvolatile from water surfaces(2). Volatilization from moist soil surfaces is not expected to be an important fate process based upon its Henry's Law constant(SRC). Dicofol is not expected to volatilize from dry soil surfaces(SRC) based upon its vapor pressure(1).","DICOFOL"
"8343","The Henry's Law constant for bis(2-ethylhexyl) phthalate is estimated as 2.7X10-7 atm-cu m/mole(SRC) derived from its vapor pressure, 1.42X10-7 mm Hg(1), and water solubility, 0.27 mg/L(2). This Henry's Law constant indicates that bis(2-ethylhexyl) phthalate is expected to be essentially nonvolatile from moist soil and water surfaces(3). Bis(2-ethylhexyl) phthalate is not expected to volatilize from dry soil surfaces(SRC) based upon its vapor pressure(1). Reported evaporation rates from the leaves of Sinapis alba (white mustard) in a closed terrestrial simulation chamber were <0.8 and <0.5 ng/sq cm-hr (below detection limit) during time intervals of 0-1 and 8-15 days, respectivedly, after application of 2.78 ug/sq cm onto the leaves(4).","BIS(2-ETHYLHEXYL)PHTHALATE"
"8346","The Henry's Law constant for di-n-octyl phthalate is estimated as 2.6X10-6 atm-cu m/mole(SRC) derived from its vapor pressure, 1.0X10-7 mm Hg(1), and water solubility, 0.022 mg/L(2). This Henry's Law constant indicates that di-n-octyl phthalate is expected to volatilize from water surfaces(3). Based on this Henry's Law constant, the volatilization half-life from a model river (1 m deep, flowing 1 m/sec, wind velocity of 3 m/sec)(3) is estimated as 31 days(SRC). The volatilization half-life from a model lake (1 m deep, flowing 0.05 m/sec, wind velocity of 0.5 m/sec)(3) is estimated as 230 days(SRC). However, volatilization from water surfaces is expected to be attenuated by adsorption to suspended solids and sediment in the water column. Volatilization of di-n-octyl phthalate from model waste stabilization ponds was not observed(4).  Di-n-octyl phthalate's estimated Henry's Law constant indicates that volatilization from moist soil surfaces may occur(SRC). However, adsorption to soil is expected to attenuate volatilization(SRC). Di-n-octyl phthalate is not expected to volatilize from dry soil surfaces(SRC) based upon its vapor pressure(1).","DI-N-OCTYL PHTHALATE"
"8370","Hexachlorobenzene transport in water moving through soil is negligible but long-term persistence and appreciable vapor pressure allow significant volatilization. Water and soil coverings were efficient in reducing volatilization (possible landfill application)..
The Henry's Law constant for hexachlorobenzene is 5.8X10-4 atm-cu m/mole at 25 °C(1). This Henry's Law constant indicates that hexachlorobenzene is expected to volatilize from water surfaces(2). Based on this Henry's Law constant, the volatilization half-life from a model river (1 m deep, flowing 1 m/sec, wind velocity of 3 m/sec)(2) is estimated as 7.5 hours(SRC). The volatilization half-life from a model lake (1 m deep, flowing 0.05 m/sec, wind velocity of 0.5 m/sec)(2) is estimated as 7.5 days(SRC). However, volatilization from water surfaces is expected to be attenuated by adsorption to suspended solids and sediment in the water column. The estimated volatilization half-life from a model pond is about 5 years if adsorption is considered(3). Hexachlorobenzene's Henry's Law constant indicates that volatilization from moist soil surfaces may occur(SRC), however, strong adsorption to soil will attenuate its importance as an environmental fate process. Hexachlorobenzene is not expected to volatilize from dry soil surfaces(SRC) based upon a vapor pressure of 1.72X10-5 mm Hg at 25 °C(4).","HEXACHLOROBENZENE"
"8379","The Henry's Law constant for ditridecyl phthalate is estimated as 2.2X10-4 atm-cu m/mole(SRC) using a fragment constant estimation method(1). This Henry's Law constant indicates that ditridecyl phthalate is expected to volatilize from water surfaces(2). Based on this Henry's Law constant, the volatilization half-life from a model river (1 m deep, flowing 1 m/sec, wind velocity of 3 m/sec)(2) is estimated as 16 hours(SRC). The volatilization half-life from a model lake (1 m deep, flowing 0.05 m/sec, wind velocity of 0.5 m/sec)(2) is estimated as 12 days(SRC). However, volatilization from water surfaces is expected to be attenuated by adsorption to suspended solids and sediment in the water column. The volatilization half-life from a model pond is about 5600 years when adsorption is considered(3). Ditridecyl phthalate's Henry's Law constant indicates that volatilization from moist soil surfaces may occur(SRC). Ditridecyl phthalate is not expected to volatilize from dry soil surfaces(SRC) based upon an estimated vapor pressure of 2.5X10-11 mm Hg(SRC), determined from a fragment constant method(4).","1,2-BENZENEDICARBOXYLIC ACID, DITRIDECYL ESTER"
"8418","The Henry's Law constant for anthracene is 4.88X10-5 atm-cu m/mole(SRC) using a fragment constant estimation method(1). This Henry's Law constant indicates that anthracene is expected to volatilize rapidly from water surfaces(2). Based on this Henry's Law constant, the volatilization half-life from a model river (1 m deep, flowing 1 m/sec, wind velocity of 3 m/sec)(2) is estimated as 24 hours(SRC). The volatilization half-life from a model lake (1 m deep, flowing 0.05 m/sec, wind velocity of 0.5 m/sec)(2) is estimated as 12 days(SRC). However, volatilization from water surfaces is expected to be attenuated by adsorption to suspended solids and sediment in the water column. The estimated volatilization half-life from a model pond is 89 months if adsorption is considered(3). Anthracene's Henry's Law constant indicates that volatilization from moist soil surfaces may occur(SRC). Anthracene is not expected to volatilize from dry soil surfaces(SRC) based on an extrapolated vapor pressure of 6.56X10-6 mm Hg(4).","ANTHRACENE"
"8449","The Henry's Law constant for 2,4-dichlorophenol is estimated as 3.5X10-6 atm-cu m/mole(SRC) from its experimental values for vapor pressure, 0.09 mm Hg(1), and water solubility, 5,547 mg/L(2) both at 25 °C. This Henry's Law constant indicates that 2,4-dichlorophenol is expected to volatilize from water surfaces(3). Based on this Henry's Law constant, the estimated volatilization half-life from a model river (1 m deep, flowing 1 m/sec, wind velocity of 3 m/sec)(3) is estimated as approximately 14 days(SRC). The estimated volatilization half-life from a model lake (1 m deep, flowing 0.05 m/sec, wind velocity of 0.5 m/sec)(3) is estimated as approximately 103 days(SRC). 2,4-Dichlorophenol's Henry's Law constant(1,2) indicates that volatilization from moist soil surfaces may occur(SRC). 2,4-Dichlorophenol is not expected to volatilize from dry soil surfaces(SRC) based on a vapor pressure of 0.09 mm Hg at 25 °C(1)..
Its low vapor pressure and non-volatility from alkaline solutions would cause it to be only slowly removed from surface water via volatilization..
The dissipation of 2,4-dichlorophenol from natural lake waters at a buffered pH of 7 with initial 2,4-dichlorophenol concentrations of 100, 500, and 1000 ug/L, the percentages of 2,4-dichlorophenol remaining at 9 days were 0, 0.34, and 46, respectively. By contrast, initial concentrations of 100, 500, and 1000 ug/L in unaerated and unbuffered waters resulted in percentages of 40, 51.6 and 56, respectively, remaining at 17 days.","2,4-DICHLOROPHENOL"
"8561","The Henry's Law constant for diamyl phthalate is estimated as 8.9X10-7 atm-cu m/mole(SRC) using a fragment constant estimation method(1). This Henry's Law constant indicates that diamyl phthalate is expected to be essentially nonvolatile from water surfaces(2). Diamyl phthalate is not expected to volatilize from dry soil surfaces(SRC) based upon an estimated vapor pressure of 2.0X10-4 mm Hg(SRC), determined from a fragment constant method(3).","DI-N-PENTYL PHTHALATE"
"8722","The Henry's Law constant for ziram is estimated as 6.2X10-10 atm-cu m/mole(SRC) derived from its vapor pressure, 7.5X10-9 mm Hg(1), and water solubility, 65 mg/l(2). This estimated Henry's Law constant indicates that ziram is expected to be essentially nonvolatile from water surfaces(3). This compound is expected to exist in the dissociated form in the environment and therefore volatilization from water surfaces is not expected to be an important fate process. Ziram is not expected to volatilize from dry soil surfaces(SRC) based upon its vapor pressure(1).","ZIRAM"
"8765","The Henry's Law constant for bis(4-aminophenyl) sulfide is estimated as 3.9X10-12 atm-cu m/mole(SRC) using a fragment constant estimation method(1). This Henry's Law constant indicates that bis(4-aminophenyl) sulfide is expected to be essentially nonvolatile from water surfaces(2). bis(4-Aminophenyl) sulfide is not expected to volatilize from dry soil surfaces(SRC) based upon an estimated vapor pressure of 1.1X10-5 mm Hg(SRC), determined from a fragment constant method(3).","4,4'-DIAMINODIPHENYL SULFIDE"
"8814","The Henry's Law constant for p-(1,1,3,3-tetramethylbutyl)phenol is estimated as 6.9X10-6 atm-cu m/mole(SRC) using a fragment constant estimation method(1). This Henry's Law constant indicates that p-(1,1,3,3-tetramethylbutyl)phenol is expected to volatilize from water surfaces(2). Based on this Henry's Law constant, the volatilization half-life from a model river (1 m deep, flowing 1 m/sec, wind velocity of 3 m/sec)(2) is estimated as 7 days(SRC). The volatilization half-life from a model lake (1 m deep, flowing 0.05 m/sec, wind velocity of 0.5 m/sec)(2) is estimated as 61 days(SRC). p-(1,1,3,3-Tetramethylbutyl)phenol is not expected to volatilize from dry soil surfaces(SRC) based upon a vapor pressure of 4.78X10-4 mm Hg(3).","4-(1,1,3,3-TETRAMETHYLBUTYL)PHENOL"
"91650","The Henry's Law constant for pyrimethanil is estimated as 2.5X10-6 atm-cu m/mole(SRC) using a fragment constant estimation method(1). This Henry's Law constant indicates that pyrimethanil is expected to volatilize from water surfaces(2). Based on this Henry's Law constant, the volatilization half-life from a model river (1 m deep, flowing 1 m/sec, wind velocity of 3 m/sec)(2) is estimated as 14 days(SRC). The volatilization half-life from a model lake (1 m deep, flowing 0.05 m/sec, wind velocity of 0.5 m/sec)(2) is estimated as 158 days(SRC). Pyrimethanil's Henry's Law constant(1) indicates that volatilization from moist soil surfaces may occur(SRC). Pyrimethanil is not expected to volatilize from dry soil surfaces(SRC) based upon a vapor pressure of 1.65X10-5 mm Hg at 25 °C(3).","PYRIMETHANIL"
"9321","A pKa of 7.96(1) indicates hydrazine will exist partially in the cation or anion form at pH values of 5 to 9 and, therefore, volatilization from water surfaces is not expected to be an important fate process(SRC). The Henry's Law constant for the neutral species of hydrazine is estimated as 6.07X10-7 atm-cu m/mole(SRC) derived from its vapor pressure, 14.4 mm Hg(2), and assigned value for water solubility of 1.0X10+6 mg/L (miscible)(3). This Henry's Law constant indicates that hydrazine is expected to be essentially nonvolatile from water and moist soil surfaces(4). With an air velocity at the liquid surface of 63.5 cm/sec, the volatilization of hydrazine from petri dishes containing 25%, 50% and 75% hydrazine-water mixtures was 0.5 g after 6.66 hr, about 1 g after 5 hr, and about 3 g after 5 hr, respectively(5). At each concentration, the rate of volatilization decreased with time(5). Hydrazine's estimated Henry's Law constant indicates that volatilization from moist soil surfaces may occur(SRC). The potential for volatilization of hydrazine from dry soil surfaces may exist(SRC) based upon its vapor pressure(1).","HYDRAZINE"
"9411","The Henry's Law constant for bromacil is estimated as 1.3X10-10 atm-cu m/mole(SRC) derived from its vapor pressure, 3.07X10-7 mm Hg(1), and water solubility, 815 mg/L(2). This Henry's Law constant indicates that bromacil is expected to be essentially nonvolatile from water and moist soil surfaces(3). In a volatilization test, bromacil was held in an air circulation oven at 120 °F for 2 weeks(3); losses were less than 0.1% per week(4). Bromacil is not expected to volatilize from dry soil surfaces(SRC) based upon its vapor pressure(1). Volatilization screening simulations from soil indicate that volatilization from soil (after incorporation to 1-10 cm) is slow(5).","BROMACIL"
"949","The Henry's Law constant for N,N-dimethylaniline is estimated as 5.7X10-5 atm-cu m/mole(SRC) derived from its vapor pressure, 0.7 mm Hg(1), and water solubility, 1,450 mg/L(2). This Henry's Law constant indicates that N,N-dimethylaniline is expected to volatilize from water surfaces(3). Based on this Henry's Law constant, the volatilization half-life from a model river (1 m deep, flowing 1 m/sec, wind velocity of 3 m/sec)(3) is estimated as 20 hours(SRC). The volatilization half-life from a model lake (1 m deep, flowing 0.05 m/sec, wind velocity of 0.5 m/sec)(3) is estimated as 9.5 days(SRC). N,N-Dimethylaniline's estimated Henry's Law constant indicates that volatilization from moist soil surfaces may occur(SRC). N,N-Dimethylaniline is not expected to volatilize from dry soil surfaces(SRC) based upon its vapor pressure(1).","N,N-DIMETHYLANILINE"
"9502","The Henry's Law constant for linuron is 1.97X10-9 atm-cu m/mole(1). This Henry's Law constant indicates that linuron is expected to be essentially nonvolatile from water surfaces and moist soils(2). Linuron is not expected to volatilize from dry soil surfaces(SRC) based upon its vapor pressure of 1.43X10-6(3).","LINURON"
"9570071","The Henry's Law constant for aldicarb is estimated as 1.5X10-9 atm-cu m/mole(SRC) derived from its vapor pressure, 2.9X10-5 mm Hg(1), and water solubility, 4930 mg/L(1). This Henry's Law constant indicates that aldicarb is expected to be essentially nonvolatile from water and moist soil surfaces(2). Aldicarb is not expected to volatilize from dry soil surfaces(SRC) based upon its vapor pressure(1).","ALDICARB"
"969491","The Henry's Law constant for dieldrin has been measured as 1X10-5 atm-cu m/mole(1). This Henry's Law constant indicates that dieldrin is expected to volatilize from water surfaces(2). However, volatilization from water surfaces is expected to be attenuated by adsorption to suspended solids and sediment in the water column(SRC). Based on this Henry's Law constant, the volatilization half-life from a model river (1 m deep, flowing 1 m/sec, wind velocity of 3 m/sec)(2) is estimated as 5 days if adsorption is neglected(SRC). The volatilization half-life from a model lake (1 m deep, flowing 0.05 m/sec, wind velocity of 0.5 m/sec)(2) is estimated as 60 days if adsorption is neglected(SRC). The volatilization from a model pond is about 7 years when adsorption is considered(3). Dieldrin's Henry's Law constant(1) indicates that volatilization from moist soil surfaces may occur; however, adsorption may attenuate this process(SRC). Approximately 0.28 percent of the initially applied dieldrin was volatilized in 24 hours at 30 °C from a soil surface(4). Dieldrin was volatilized 90 percent in 30 days when applied to vegetation and 20 percent in 50 days when applied to a moist soil surface(5). Approximately 3.6 percent dieldrin was volatilized in 167 days when incorporated in a soil at a depth of 7.5 cm(5). In laboratory tests, dieldrin was volatilized 9 and 34 percent from a sandy loam and sand, respectively in 60 days(6).","DIELDRIN"
"991","The Henry's Law constant for parathion is 2.98X10-7 atm-cu m/mole(1). This Henry's Law constant indicates that parathion is expected to be essentially nonvolatile from water surfaces(2). Parathion's Henry's Law constant(1) indicates that volatilization from moist soil surfaces is not expected to occur(SRC). Parathion is not expected to volatilize from dry soil surfaces(SRC) based upon a vapor pressure of 6.68X10-6 mm Hg(1). The vapor loss rate of the technical grade chemical from a non-absorbing surface is 0.210 ug/sq cm/hr(3). Vapor losses from soil-incorporated methyl parathion were much lower than from glass surfaces and the same trend would probably apply to parathion(3). Simulations of parathion losses from soil result in only 0.1 to 0.3% losses in 30 days when incorporated into 10 cm of soil(4). Volatilization in a laboratory environmental chamber designed to simulate a soil pit resulted in 0.8% volatilization in 1 day from wet soil and considerably less from dry soil(5). A laboratory experiment determined that the volatilization half-life for parathion from water 4.5 cm deep was 14 and 9.3 days from unstirred and stirred solutions respectively, at 24 °C (equivalent to 311 and 206 days for water 1 m deep)(6). 8% of parathion volatilized in one day in a laboratory experiment designed to simulate an evaporation pond during which time none was lost from hydrolysis(7).","PARATHION"
"992","The pKa of pentachlorophenol is 4.70(1), indicating that the compound will exist almost entirely in the anion form at pH values of 5 to 9 and therefore volatilization from water and moist soil surfaces is not expected to be an important fate process. This agrees with a field study in an artificial stream in which <0.006% of the added pentachlorophenol was lost by volatilization(2). The chemical behavior of pentachlorophenol will depend on whether it exists primarily as the phenol under acidic conditions or the phenolate anion, under basic conditions(3) and also temperature(4); at pH 5, the half-life from water surfaces is 328 hours (30 °C) while at pH 6, the half-life is 3120 hours(4). Also reported was a 25-51% of added pesticide-formulated pentachlorophenol detected in the air in terrestrial microcosms(5,6,7). Pentachlorophenol is not expected to volatilize from dry soil surfaces(SRC) based upon its vapor pressure of 1.1X10-4 mm Hg(8).","PENTACHLOROPHENOL"
